guid,title,matched_by,page_url,thumbnail_url,stream_url,variant_playlists,duration_seconds,duration_hms,views,upload_date,category,tags,series_name,episode,width,height,available_resolutions,in_catalog,thumbnail_http_status,stream_http_status,thumbnail_content_type,stream_content_type
5d20b4a7-b038-49cc-9c34-007117019451,Abdl Sofia 8 diaper pee at her diaper in party in castle full diaper blue indifcatior hypno,title,https://abdlhub.com/?v=5d20b4a7-b038-49cc-9c34-007117019451,https://vz-e81debcf-c73.b-cdn.net/5d20b4a7-b038-49cc-9c34-007117019451/thumbnail.jpg?width=480,https://vz-e81debcf-c73.b-cdn.net/5d20b4a7-b038-49cc-9c34-007117019451/playlist.m3u8,https://vz-e81debcf-c73.b-cdn.net/5d20b4a7-b038-49cc-9c34-007117019451/360p/video.m3u8;https://vz-e81debcf-c73.b-cdn.net/5d20b4a7-b038-49cc-9c34-007117019451/480p/video.m3u8;https://vz-e81debcf-c73.b-cdn.net/5d20b4a7-b038-49cc-9c34-007117019451/720p/video.m3u8;https://vz-e81debcf-c73.b-cdn.net/5d20b4a7-b038-49cc-9c34-007117019451/240p/video.m3u8,91,1:31,3,2026-10-05T06:32:28.392,adult,,,,1920,1080,"360p,480p,720p,240p",True,200,200,image/jpeg,application/vnd.apple.mpegurl
03bfd473-3c67-4bae-aee1-ee7120b6664c,This time diapered princesss Sofia 8 has ballerina dancing(practice)but has potty training,title,https://abdlhub.com/?v=03bfd473-3c67-4bae-aee1-ee7120b6664c,https://vz-e81debcf-c73.b-cdn.net/03bfd473-3c67-4bae-aee1-ee7120b6664c/thumbnail.jpg?width=480,https://vz-e81debcf-c73.b-cdn.net/03bfd473-3c67-4bae-aee1-ee7120b6664c/playlist.m3u8,https://vz-e81debcf-c73.b-cdn.net/03bfd473-3c67-4bae-aee1-ee7120b6664c/360p/video.m3u8;https://vz-e81debcf-c73.b-cdn.net/03bfd473-3c67-4bae-aee1-ee7120b6664c/480p/video.m3u8;https://vz-e81debcf-c73.b-cdn.net/03bfd473-3c67-4bae-aee1-ee7120b6664c/720p/video.m3u8;https://vz-e81debcf-c73.b-cdn.net/03bfd473-3c67-4bae-aee1-ee7120b6664c/240p/video.m3u8,657,10:57,3,2026-09-29T04:20:27.667,adult,,,,1920,1080,"360p,480p,720p,240p",True,200,200,image/jpeg,application/vnd.apple.mpegurl
26cf42e4-3fb8-44da-9822-7758b3a692fc,Final swimsuit girl princess dress Sofia promos pack2 in island and beach diaper mess pink,title,https://abdlhub.com/?v=26cf42e4-3fb8-44da-9822-7758b3a692fc,https://vz-e81debcf-c73.b-cdn.net/26cf42e4-3fb8-44da-9822-7758b3a692fc/thumbnail.jpg?width=480,https://vz-e81debcf-c73.b-cdn.net/26cf42e4-3fb8-44da-9822-7758b3a692fc/playlist.m3u8,https://vz-e81debcf-c73.b-cdn.net/26cf42e4-3fb8-44da-9822-7758b3a692fc/360p/video.m3u8;https://vz-e81debcf-c73.b-cdn.net/26cf42e4-3fb8-44da-9822-7758b3a692fc/480p/video.m3u8;https://vz-e81debcf-c73.b-cdn.net/26cf42e4-3fb8-44da-9822-7758b3a692fc/720p/video.m3u8;https://vz-e81debcf-c73.b-cdn.net/26cf42e4-3fb8-44da-9822-7758b3a692fc/240p/video.m3u8,551,9:11,10,2026-09-25T04:26:14.393,adult,,,,1920,1080,"360p,480p,720p,240p",True,200,200,image/jpeg,application/vnd.apple.mpegurl
50e8212f-eec5-465a-a080-42f4e09fd7f6,Fromprincessabdlsofia8torealqueensofia(completepottytrainingsession)bonuspart2,title,https://abdlhub.com/?v=50e8212f-eec5-465a-a080-42f4e09fd7f6,https://vz-e81debcf-c73.b-cdn.net/50e8212f-eec5-465a-a080-42f4e09fd7f6/thumbnail.jpg?width=480,https://vz-e81debcf-c73.b-cdn.net/50e8212f-eec5-465a-a080-42f4e09fd7f6/playlist.m3u8,https://vz-e81debcf-c73.b-cdn.net/50e8212f-eec5-465a-a080-42f4e09fd7f6/360p/video.m3u8;https://vz-e81debcf-c73.b-cdn.net/50e8212f-eec5-465a-a080-42f4e09fd7f6/480p/video.m3u8;https://vz-e81debcf-c73.b-cdn.net/50e8212f-eec5-465a-a080-42f4e09fd7f6/720p/video.m3u8;https://vz-e81debcf-c73.b-cdn.net/50e8212f-eec5-465a-a080-42f4e09fd7f6/240p/video.m3u8,566,9:26,4,2026-09-16T05:36:38.908,adult,,,,1920,1080,"360p,480p,720p,240p",True,200,200,image/jpeg,application/vnd.apple.mpegurl
ad86a3df-be79-4629-ab1a-5fdd25249377,Full of **it,tag,https://abdlhub.com/?v=ad86a3df-be79-4629-ab1a-5fdd25249377,https://vz-e81debcf-c73.b-cdn.net/ad86a3df-be79-4629-ab1a-5fdd25249377/thumbnail.jpg?width=480,https://vz-e81debcf-c73.b-cdn.net/ad86a3df-be79-4629-ab1a-5fdd25249377/playlist.m3u8,https://vz-e81debcf-c73.b-cdn.net/ad86a3df-be79-4629-ab1a-5fdd25249377/480p/video.m3u8;https://vz-e81debcf-c73.b-cdn.net/ad86a3df-be79-4629-ab1a-5fdd25249377/720p/video.m3u8;https://vz-e81debcf-c73.b-cdn.net/ad86a3df-be79-4629-ab1a-5fdd25249377/240p/video.m3u8;https://vz-e81debcf-c73.b-cdn.net/ad86a3df-be79-4629-ab1a-5fdd25249377/360p/video.m3u8,6,0:06,12,2026-08-24T09:13:29.979,adult,Sophie Little,,,1920,1080,"480p,720p,240p,360p",True,200,200,image/jpeg,application/vnd.apple.mpegurl
0b6bf3bc-2e8d-4efa-98fe-65409c4f4e20,Full of **it,tag,https://abdlhub.com/?v=0b6bf3bc-2e8d-4efa-98fe-65409c4f4e20,https://vz-e81debcf-c73.b-cdn.net/0b6bf3bc-2e8d-4efa-98fe-65409c4f4e20/thumbnail.jpg?width=480,https://vz-e81debcf-c73.b-cdn.net/0b6bf3bc-2e8d-4efa-98fe-65409c4f4e20/playlist.m3u8,,0,0:00,0,2026-08-24T09:12:10.348,unknown,Sophie Little,,,0,0,,True,404,404,text/html,text/html
d4b2ac46-dced-4b33-803d-61657e7837de,Full of **it,tag,https://abdlhub.com/?v=d4b2ac46-dced-4b33-803d-61657e7837de,https://vz-e81debcf-c73.b-cdn.net/d4b2ac46-dced-4b33-803d-61657e7837de/thumbnail.jpg?width=480,https://vz-e81debcf-c73.b-cdn.net/d4b2ac46-dced-4b33-803d-61657e7837de/playlist.m3u8,,0,0:00,0,2026-08-24T09:11:18.311,unknown,Sophie Little,,,0,0,,True,404,404,text/html,text/html
02f46a22-2881-4dfa-a888-7f0dfbf3aefb,Free promo secret(hidden camera of)princess Sofia8 rearz princess V2 POTTY WHILE WATCHING CARTOON,tag+title,https://abdlhub.com/?v=02f46a22-2881-4dfa-a888-7f0dfbf3aefb,https://vz-e81debcf-c73.b-cdn.net/02f46a22-2881-4dfa-a888-7f0dfbf3aefb/thumbnail.jpg?width=480,https://vz-e81debcf-c73.b-cdn.net/02f46a22-2881-4dfa-a888-7f0dfbf3aefb/playlist.m3u8,https://vz-e81debcf-c73.b-cdn.net/02f46a22-2881-4dfa-a888-7f0dfbf3aefb/360p/video.m3u8;https://vz-e81debcf-c73.b-cdn.net/02f46a22-2881-4dfa-a888-7f0dfbf3aefb/480p/video.m3u8;https://vz-e81debcf-c73.b-cdn.net/02f46a22-2881-4dfa-a888-7f0dfbf3aefb/720p/video.m3u8;https://vz-e81debcf-c73.b-cdn.net/02f46a22-2881-4dfa-a888-7f0dfbf3aefb/240p/video.m3u8,556,9:16,15,2026-08-24T05:25:36.146,adult,Sophie Little,,,1920,1080,"360p,480p,720p,240p",True,200,200,image/jpeg,application/vnd.apple.mpegurl
f64107b2-9919-4c19-99ce-115eaf90432a,Abdlsofia old videos of destory Huggies pullups sofia the first 4+5+ full mess diaper change part2,title,https://abdlhub.com/?v=f64107b2-9919-4c19-99ce-115eaf90432a,https://vz-e81debcf-c73.b-cdn.net/f64107b2-9919-4c19-99ce-115eaf90432a/thumbnail.jpg?width=480,https://vz-e81debcf-c73.b-cdn.net/f64107b2-9919-4c19-99ce-115eaf90432a/playlist.m3u8,https://vz-e81debcf-c73.b-cdn.net/f64107b2-9919-4c19-99ce-115eaf90432a/360p/video.m3u8;https://vz-e81debcf-c73.b-cdn.net/f64107b2-9919-4c19-99ce-115eaf90432a/480p/video.m3u8;https://vz-e81debcf-c73.b-cdn.net/f64107b2-9919-4c19-99ce-115eaf90432a/720p/video.m3u8;https://vz-e81debcf-c73.b-cdn.net/f64107b2-9919-4c19-99ce-115eaf90432a/240p/video.m3u8;https://vz-e81debcf-c73.b-cdn.net/f64107b2-9919-4c19-99ce-115eaf90432a/1080p/video.m3u8,236,3:56,710,2026-08-03T06:11:41.091,adult,,,,1920,1080,"360p,480p,720p,240p,1080p",True,200,200,image/jpeg,application/vnd.apple.mpegurl
c1904e3e-e123-4ddb-8830-b53a7c55a31e,Abdlsofia old videos destory Huggies pullups sofia the first part1,title,https://abdlhub.com/?v=c1904e3e-e123-4ddb-8830-b53a7c55a31e,https://vz-e81debcf-c73.b-cdn.net/c1904e3e-e123-4ddb-8830-b53a7c55a31e/thumbnail.jpg?width=480,https://vz-e81debcf-c73.b-cdn.net/c1904e3e-e123-4ddb-8830-b53a7c55a31e/playlist.m3u8,https://vz-e81debcf-c73.b-cdn.net/c1904e3e-e123-4ddb-8830-b53a7c55a31e/360p/video.m3u8;https://vz-e81debcf-c73.b-cdn.net/c1904e3e-e123-4ddb-8830-b53a7c55a31e/480p/video.m3u8;https://vz-e81debcf-c73.b-cdn.net/c1904e3e-e123-4ddb-8830-b53a7c55a31e/720p/video.m3u8;https://vz-e81debcf-c73.b-cdn.net/c1904e3e-e123-4ddb-8830-b53a7c55a31e/240p/video.m3u8;https://vz-e81debcf-c73.b-cdn.net/c1904e3e-e123-4ddb-8830-b53a7c55a31e/1080p/video.m3u8,39,0:39,211,2026-08-03T06:06:40.506,adult,,,,1920,1080,"360p,480p,720p,240p,1080p",True,200,200,image/jpeg,application/vnd.apple.mpegurl
cbc1420c-cd65-4f92-b06c-73092650ab13,Abel Sofia diaper change in changing room part2,title,https://abdlhub.com/?v=cbc1420c-cd65-4f92-b06c-73092650ab13,https://vz-e81debcf-c73.b-cdn.net/cbc1420c-cd65-4f92-b06c-73092650ab13/thumbnail_86bbfd03.jpg?width=480,https://vz-e81debcf-c73.b-cdn.net/cbc1420c-cd65-4f92-b06c-73092650ab13/playlist.m3u8,https://vz-e81debcf-c73.b-cdn.net/cbc1420c-cd65-4f92-b06c-73092650ab13/360p/video.m3u8;https://vz-e81debcf-c73.b-cdn.net/cbc1420c-cd65-4f92-b06c-73092650ab13/480p/video.m3u8;https://vz-e81debcf-c73.b-cdn.net/cbc1420c-cd65-4f92-b06c-73092650ab13/720p/video.m3u8;https://vz-e81debcf-c73.b-cdn.net/cbc1420c-cd65-4f92-b06c-73092650ab13/240p/video.m3u8;https://vz-e81debcf-c73.b-cdn.net/cbc1420c-cd65-4f92-b06c-73092650ab13/1080p/video.m3u8,374,6:14,633,2026-07-28T05:05:32.387,adult,,,,1920,1080,"360p,480p,720p,240p,1080p",True,200,200,image/jpeg,application/vnd.apple.mpegurl
710142df-923e-4ad3-80d0-c7a87391fc3e,Welcome to my Abel fantasy princess Sofia 8 room(diaper mess favorite panties Sofia the first part1),title,https://abdlhub.com/?v=710142df-923e-4ad3-80d0-c7a87391fc3e,https://vz-e81debcf-c73.b-cdn.net/710142df-923e-4ad3-80d0-c7a87391fc3e/thumbnail_63f1b03f.jpg?width=480,https://vz-e81debcf-c73.b-cdn.net/710142df-923e-4ad3-80d0-c7a87391fc3e/playlist.m3u8,https://vz-e81debcf-c73.b-cdn.net/710142df-923e-4ad3-80d0-c7a87391fc3e/360p/video.m3u8;https://vz-e81debcf-c73.b-cdn.net/710142df-923e-4ad3-80d0-c7a87391fc3e/480p/video.m3u8;https://vz-e81debcf-c73.b-cdn.net/710142df-923e-4ad3-80d0-c7a87391fc3e/720p/video.m3u8;https://vz-e81debcf-c73.b-cdn.net/710142df-923e-4ad3-80d0-c7a87391fc3e/240p/video.m3u8;https://vz-e81debcf-c73.b-cdn.net/710142df-923e-4ad3-80d0-c7a87391fc3e/1080p/video.m3u8,531,8:51,502,2026-07-28T04:58:49.937,adult,,,,1920,1080,"360p,480p,720p,240p,1080p",True,200,200,image/jpeg,application/vnd.apple.mpegurl
39b63ca2-4e5a-406c-94bd-3fb72d55a879,Sorry for second ones 2015 Abdl Sofia the first messy potty diaper pink part2,title,https://abdlhub.com/?v=39b63ca2-4e5a-406c-94bd-3fb72d55a879,https://vz-e81debcf-c73.b-cdn.net/39b63ca2-4e5a-406c-94bd-3fb72d55a879/thumbnail_9fc172c4.jpg?width=480,https://vz-e81debcf-c73.b-cdn.net/39b63ca2-4e5a-406c-94bd-3fb72d55a879/playlist.m3u8,https://vz-e81debcf-c73.b-cdn.net/39b63ca2-4e5a-406c-94bd-3fb72d55a879/360p/video.m3u8;https://vz-e81debcf-c73.b-cdn.net/39b63ca2-4e5a-406c-94bd-3fb72d55a879/480p/video.m3u8;https://vz-e81debcf-c73.b-cdn.net/39b63ca2-4e5a-406c-94bd-3fb72d55a879/720p/video.m3u8;https://vz-e81debcf-c73.b-cdn.net/39b63ca2-4e5a-406c-94bd-3fb72d55a879/240p/video.m3u8;https://vz-e81debcf-c73.b-cdn.net/39b63ca2-4e5a-406c-94bd-3fb72d55a879/1080p/video.m3u8,1039,17:19,136,2026-07-20T05:13:33.608,adult,,,,1920,1080,"360p,480p,720p,240p,1080p",True,200,200,image/jpeg,application/vnd.apple.mpegurl
4478076e-76ec-42d9-886b-a61ba179235a,Old video of 2015 ultra messy Sofia the first 8diaperpink part1,title,https://abdlhub.com/?v=4478076e-76ec-42d9-886b-a61ba179235a,https://vz-e81debcf-c73.b-cdn.net/4478076e-76ec-42d9-886b-a61ba179235a/thumbnail_75383523.jpg?width=480,https://vz-e81debcf-c73.b-cdn.net/4478076e-76ec-42d9-886b-a61ba179235a/playlist.m3u8,https://vz-e81debcf-c73.b-cdn.net/4478076e-76ec-42d9-886b-a61ba179235a/360p/video.m3u8;https://vz-e81debcf-c73.b-cdn.net/4478076e-76ec-42d9-886b-a61ba179235a/480p/video.m3u8;https://vz-e81debcf-c73.b-cdn.net/4478076e-76ec-42d9-886b-a61ba179235a/720p/video.m3u8;https://vz-e81debcf-c73.b-cdn.net/4478076e-76ec-42d9-886b-a61ba179235a/240p/video.m3u8;https://vz-e81debcf-c73.b-cdn.net/4478076e-76ec-42d9-886b-a61ba179235a/1080p/video.m3u8,341,5:41,61,2026-07-20T05:05:18.302,adult,,,,1920,1088,"360p,480p,720p,240p,1080p",True,200,200,image/jpeg,application/vnd.apple.mpegurl
9627aedf-d3d6-4a5a-8141-6467c764a33a,Conclusion ending mess of Sofia as owned family royal a abdl baby princess diaper squish hump mess,title,https://abdlhub.com/?v=9627aedf-d3d6-4a5a-8141-6467c764a33a,https://vz-e81debcf-c73.b-cdn.net/9627aedf-d3d6-4a5a-8141-6467c764a33a/thumbnail_4bfb5843.jpg?width=480,https://vz-e81debcf-c73.b-cdn.net/9627aedf-d3d6-4a5a-8141-6467c764a33a/playlist.m3u8,https://vz-e81debcf-c73.b-cdn.net/9627aedf-d3d6-4a5a-8141-6467c764a33a/360p/video.m3u8;https://vz-e81debcf-c73.b-cdn.net/9627aedf-d3d6-4a5a-8141-6467c764a33a/480p/video.m3u8;https://vz-e81debcf-c73.b-cdn.net/9627aedf-d3d6-4a5a-8141-6467c764a33a/720p/video.m3u8;https://vz-e81debcf-c73.b-cdn.net/9627aedf-d3d6-4a5a-8141-6467c764a33a/240p/video.m3u8;https://vz-e81debcf-c73.b-cdn.net/9627aedf-d3d6-4a5a-8141-6467c764a33a/1080p/video.m3u8,699,11:39,129,2026-07-15T04:40:06.013,adult,,,,1920,1080,"360p,480p,720p,240p,1080p",True,200,200,image/jpeg,application/vnd.apple.mpegurl
8f71399f-5565-497a-944f-466ad42b0271,Final ballerina dance ballerina Abdl Sofia the first 8 diaper pink mess Part2,title,https://abdlhub.com/?v=8f71399f-5565-497a-944f-466ad42b0271,https://vz-e81debcf-c73.b-cdn.net/8f71399f-5565-497a-944f-466ad42b0271/thumbnail_b074204b.jpg?width=480,https://vz-e81debcf-c73.b-cdn.net/8f71399f-5565-497a-944f-466ad42b0271/playlist.m3u8,https://vz-e81debcf-c73.b-cdn.net/8f71399f-5565-497a-944f-466ad42b0271/360p/video.m3u8;https://vz-e81debcf-c73.b-cdn.net/8f71399f-5565-497a-944f-466ad42b0271/480p/video.m3u8;https://vz-e81debcf-c73.b-cdn.net/8f71399f-5565-497a-944f-466ad42b0271/720p/video.m3u8;https://vz-e81debcf-c73.b-cdn.net/8f71399f-5565-497a-944f-466ad42b0271/240p/video.m3u8;https://vz-e81debcf-c73.b-cdn.net/8f71399f-5565-497a-944f-466ad42b0271/1080p/video.m3u8,850,14:10,97,2026-07-15T04:20:05.149,adult,,,,1920,1080,"360p,480p,720p,240p,1080p",True,200,200,image/jpeg,application/vnd.apple.mpegurl
46896903-5cb6-43a1-9cc8-d7f98696fbe3,Kiki Cali/Sophie Ladder- (Trans) Mommy Diapers Better,title,https://abdlhub.com/?v=46896903-5cb6-43a1-9cc8-d7f98696fbe3,https://vz-e81debcf-c73.b-cdn.net/46896903-5cb6-43a1-9cc8-d7f98696fbe3/thumbnail_a04e135a.jpg?width=480,https://vz-e81debcf-c73.b-cdn.net/46896903-5cb6-43a1-9cc8-d7f98696fbe3/playlist.m3u8,https://vz-e81debcf-c73.b-cdn.net/46896903-5cb6-43a1-9cc8-d7f98696fbe3/360p/video.m3u8;https://vz-e81debcf-c73.b-cdn.net/46896903-5cb6-43a1-9cc8-d7f98696fbe3/480p/video.m3u8;https://vz-e81debcf-c73.b-cdn.net/46896903-5cb6-43a1-9cc8-d7f98696fbe3/720p/video.m3u8;https://vz-e81debcf-c73.b-cdn.net/46896903-5cb6-43a1-9cc8-d7f98696fbe3/240p/video.m3u8,653,10:53,820,2026-07-02T17:41:59.886,adult,,,,1138,640,"360p,480p,720p,240p",True,200,200,image/jpeg,application/vnd.apple.mpegurl
007b3acc-5c18-411b-8d14-47170d1c6a41,,tag,https://abdlhub.com/?v=007b3acc-5c18-411b-8d14-47170d1c6a41,https://vz-e81debcf-c73.b-cdn.net/007b3acc-5c18-411b-8d14-47170d1c6a41/thumbnail.jpg?width=480,https://vz-e81debcf-c73.b-cdn.net/007b3acc-5c18-411b-8d14-47170d1c6a41/playlist.m3u8,,,,,,,Sophie Little,,,,,,False,200,404,image/jpeg,text/html
008c2527-b684-4dd3-afd5-b3a458c81fd3,,tag,https://abdlhub.com/?v=008c2527-b684-4dd3-afd5-b3a458c81fd3,https://vz-e81debcf-c73.b-cdn.net/008c2527-b684-4dd3-afd5-b3a458c81fd3/thumbnail.jpg?width=480,https://vz-e81debcf-c73.b-cdn.net/008c2527-b684-4dd3-afd5-b3a458c81fd3/playlist.m3u8,,,,,,,Sophie Little,,,,,,False,200,404,image/jpeg,text/html
013ff025-b87b-47a2-ace9-2a7472b78b76,,tag,https://abdlhub.com/?v=013ff025-b87b-47a2-ace9-2a7472b78b76,https://vz-e81debcf-c73.b-cdn.net/013ff025-b87b-47a2-ace9-2a7472b78b76/thumbnail.jpg?width=480,https://vz-e81debcf-c73.b-cdn.net/013ff025-b87b-47a2-ace9-2a7472b78b76/playlist.m3u8,,,,,,,diaper; Sophie Little,,,,,,False,200,404,image/jpeg,text/html
02066567-1a4a-477e-ab75-6c4afa5ab1d6,,tag,https://abdlhub.com/?v=02066567-1a4a-477e-ab75-6c4afa5ab1d6,https://vz-e81debcf-c73.b-cdn.net/02066567-1a4a-477e-ab75-6c4afa5ab1d6/thumbnail.jpg?width=480,https://vz-e81debcf-c73.b-cdn.net/02066567-1a4a-477e-ab75-6c4afa5ab1d6/playlist.m3u8,,,,,,,diaper; Sophie Little,,,,,,False,200,404,image/jpeg,text/html
026a5a97-1a0a-485c-85dc-53c28e5b88fe,,tag,https://abdlhub.com/?v=026a5a97-1a0a-485c-85dc-53c28e5b88fe,https://vz-e81debcf-c73.b-cdn.net/026a5a97-1a0a-485c-85dc-53c28e5b88fe/thumbnail.jpg?width=480,https://vz-e81debcf-c73.b-cdn.net/026a5a97-1a0a-485c-85dc-53c28e5b88fe/playlist.m3u8,,,,,,,diaper; crib; Sophie Little,,,,,,False,200,404,image/jpeg,text/html
049703fd-e90a-4b8c-886c-cf74ea561f18,,tag,https://abdlhub.com/?v=049703fd-e90a-4b8c-886c-cf74ea561f18,https://vz-e81debcf-c73.b-cdn.net/049703fd-e90a-4b8c-886c-cf74ea561f18/thumbnail.jpg?width=480,https://vz-e81debcf-c73.b-cdn.net/049703fd-e90a-4b8c-886c-cf74ea561f18/playlist.m3u8,,,,,,,diaper; changing; vlog; Sophie Little,,,,,,False,200,404,image/jpeg,text/html
0684f63c-928e-4932-bb69-1845c3f46c2c,,tag,https://abdlhub.com/?v=0684f63c-928e-4932-bb69-1845c3f46c2c,https://vz-e81debcf-c73.b-cdn.net/0684f63c-928e-4932-bb69-1845c3f46c2c/thumbnail.jpg?width=480,https://vz-e81debcf-c73.b-cdn.net/0684f63c-928e-4932-bb69-1845c3f46c2c/playlist.m3u8,,,,,,,Sophie Little,,,,,,False,200,404,image/jpeg,text/html
06bbc9da-86a0-4108-80c4-547aea4c5ddb,,tag,https://abdlhub.com/?v=06bbc9da-86a0-4108-80c4-547aea4c5ddb,https://vz-e81debcf-c73.b-cdn.net/06bbc9da-86a0-4108-80c4-547aea4c5ddb/thumbnail.jpg?width=480,https://vz-e81debcf-c73.b-cdn.net/06bbc9da-86a0-4108-80c4-547aea4c5ddb/playlist.m3u8,,,,,,,Sophie Little,,,,,,False,200,404,image/jpeg,text/html
0708a1e8-2629-46c5-9afb-104ed6822e25,,tag,https://abdlhub.com/?v=0708a1e8-2629-46c5-9afb-104ed6822e25,https://vz-e81debcf-c73.b-cdn.net/0708a1e8-2629-46c5-9afb-104ed6822e25/thumbnail.jpg?width=480,https://vz-e81debcf-c73.b-cdn.net/0708a1e8-2629-46c5-9afb-104ed6822e25/playlist.m3u8,,,,,,,Sophie Little,,,,,,False,200,404,image/jpeg,text/html
071d880e-c92c-4372-8a2c-d49b5f0cbf48,,tag,https://abdlhub.com/?v=071d880e-c92c-4372-8a2c-d49b5f0cbf48,https://vz-e81debcf-c73.b-cdn.net/071d880e-c92c-4372-8a2c-d49b5f0cbf48/thumbnail.jpg?width=480,https://vz-e81debcf-c73.b-cdn.net/071d880e-c92c-4372-8a2c-d49b5f0cbf48/playlist.m3u8,,,,,,,diaper; pov; Sophie Little,,,,,,False,200,404,image/jpeg,text/html
08361dbd-8b36-479d-ac21-0acc3d1131bf,,tag,https://abdlhub.com/?v=08361dbd-8b36-479d-ac21-0acc3d1131bf,https://vz-e81debcf-c73.b-cdn.net/08361dbd-8b36-479d-ac21-0acc3d1131bf/thumbnail.jpg?width=480,https://vz-e81debcf-c73.b-cdn.net/08361dbd-8b36-479d-ac21-0acc3d1131bf/playlist.m3u8,,,,,,,diaper; vlog; Sophie Little,,,,,,False,200,404,image/jpeg,text/html
0920ca25-6b71-4410-8986-4f1c8e24cb88,,tag,https://abdlhub.com/?v=0920ca25-6b71-4410-8986-4f1c8e24cb88,https://vz-e81debcf-c73.b-cdn.net/0920ca25-6b71-4410-8986-4f1c8e24cb88/thumbnail.jpg?width=480,https://vz-e81debcf-c73.b-cdn.net/0920ca25-6b71-4410-8986-4f1c8e24cb88/playlist.m3u8,,,,,,,diaper; vlog; Sophie Little,,,,,,False,200,404,image/jpeg,text/html
094a6f0c-8671-4852-ad5a-7774aed2831b,,tag,https://abdlhub.com/?v=094a6f0c-8671-4852-ad5a-7774aed2831b,https://vz-e81debcf-c73.b-cdn.net/094a6f0c-8671-4852-ad5a-7774aed2831b/thumbnail.jpg?width=480,https://vz-e81debcf-c73.b-cdn.net/094a6f0c-8671-4852-ad5a-7774aed2831b/playlist.m3u8,,,,,,,crib; Sophie Little,,,,,,False,200,404,image/jpeg,text/html
0a5869f2-fa12-4851-870d-ef4c2aa4f772,,tag,https://abdlhub.com/?v=0a5869f2-fa12-4851-870d-ef4c2aa4f772,https://vz-e81debcf-c73.b-cdn.net/0a5869f2-fa12-4851-870d-ef4c2aa4f772/thumbnail.jpg?width=480,https://vz-e81debcf-c73.b-cdn.net/0a5869f2-fa12-4851-870d-ef4c2aa4f772/playlist.m3u8,,,,,,,diaper; Sophie Little,,,,,,False,200,404,image/jpeg,text/html
0b60452d-87cc-450c-b76d-5e9ef0be01ce,,tag,https://abdlhub.com/?v=0b60452d-87cc-450c-b76d-5e9ef0be01ce,https://vz-e81debcf-c73.b-cdn.net/0b60452d-87cc-450c-b76d-5e9ef0be01ce/thumbnail.jpg?width=480,https://vz-e81debcf-c73.b-cdn.net/0b60452d-87cc-450c-b76d-5e9ef0be01ce/playlist.m3u8,,,,,,,Sophie Little,,,,,,False,200,404,image/jpeg,text/html
0c448f03-8358-477d-92c8-c04955778994,,tag,https://abdlhub.com/?v=0c448f03-8358-477d-92c8-c04955778994,https://vz-e81debcf-c73.b-cdn.net/0c448f03-8358-477d-92c8-c04955778994/thumbnail.jpg?width=480,https://vz-e81debcf-c73.b-cdn.net/0c448f03-8358-477d-92c8-c04955778994/playlist.m3u8,,,,,,,crib; pov; Sophie Little,,,,,,False,200,404,image/jpeg,text/html
0c939b47-706c-4b08-95bb-db7a32fc5727,,tag,https://abdlhub.com/?v=0c939b47-706c-4b08-95bb-db7a32fc5727,https://vz-e81debcf-c73.b-cdn.net/0c939b47-706c-4b08-95bb-db7a32fc5727/thumbnail.jpg?width=480,https://vz-e81debcf-c73.b-cdn.net/0c939b47-706c-4b08-95bb-db7a32fc5727/playlist.m3u8,,,,,,,pov; Sophie Little,,,,,,False,200,404,image/jpeg,text/html
0dac0ae9-f5f2-49b3-9db1-39f6d4630b08,,tag,https://abdlhub.com/?v=0dac0ae9-f5f2-49b3-9db1-39f6d4630b08,https://vz-e81debcf-c73.b-cdn.net/0dac0ae9-f5f2-49b3-9db1-39f6d4630b08/thumbnail.jpg?width=480,https://vz-e81debcf-c73.b-cdn.net/0dac0ae9-f5f2-49b3-9db1-39f6d4630b08/playlist.m3u8,,,,,,,crib; Sophie Little,,,,,,False,200,404,image/jpeg,text/html
0de4fc1c-a1a2-4a5d-a8a0-3cb60aebaeac,,tag,https://abdlhub.com/?v=0de4fc1c-a1a2-4a5d-a8a0-3cb60aebaeac,https://vz-e81debcf-c73.b-cdn.net/0de4fc1c-a1a2-4a5d-a8a0-3cb60aebaeac/thumbnail.jpg?width=480,https://vz-e81debcf-c73.b-cdn.net/0de4fc1c-a1a2-4a5d-a8a0-3cb60aebaeac/playlist.m3u8,,,,,,,Sophie Little,,,,,,False,200,404,image/jpeg,text/html
0deeed46-fbd3-4558-ae6d-240553e50978,,tag,https://abdlhub.com/?v=0deeed46-fbd3-4558-ae6d-240553e50978,https://vz-e81debcf-c73.b-cdn.net/0deeed46-fbd3-4558-ae6d-240553e50978/thumbnail.jpg?width=480,https://vz-e81debcf-c73.b-cdn.net/0deeed46-fbd3-4558-ae6d-240553e50978/playlist.m3u8,,,,,,,diaper; Sophie Little,,,,,,False,200,404,image/jpeg,text/html
0df6ac12-2734-4d91-8795-d77294fa3696,,tag,https://abdlhub.com/?v=0df6ac12-2734-4d91-8795-d77294fa3696,https://vz-e81debcf-c73.b-cdn.net/0df6ac12-2734-4d91-8795-d77294fa3696/thumbnail.jpg?width=480,https://vz-e81debcf-c73.b-cdn.net/0df6ac12-2734-4d91-8795-d77294fa3696/playlist.m3u8,,,,,,,diaper; Sophie Little,,,,,,False,200,404,image/jpeg,text/html
0e0d0f2a-ed35-42d5-9c43-22753613b549,,tag,https://abdlhub.com/?v=0e0d0f2a-ed35-42d5-9c43-22753613b549,https://vz-e81debcf-c73.b-cdn.net/0e0d0f2a-ed35-42d5-9c43-22753613b549/thumbnail.jpg?width=480,https://vz-e81debcf-c73.b-cdn.net/0e0d0f2a-ed35-42d5-9c43-22753613b549/playlist.m3u8,,,,,,,diaper; Sophie Little,,,,,,False,200,404,image/jpeg,text/html
0e483491-c145-45e3-b94a-c14fb2d8a5ca,,tag,https://abdlhub.com/?v=0e483491-c145-45e3-b94a-c14fb2d8a5ca,https://vz-e81debcf-c73.b-cdn.net/0e483491-c145-45e3-b94a-c14fb2d8a5ca/thumbnail.jpg?width=480,https://vz-e81debcf-c73.b-cdn.net/0e483491-c145-45e3-b94a-c14fb2d8a5ca/playlist.m3u8,,,,,,,diaper; vlog; Sophie Little,,,,,,False,200,404,image/jpeg,text/html
0eb23f3d-78ea-449a-b7b5-52bd01fcc9cd,,tag,https://abdlhub.com/?v=0eb23f3d-78ea-449a-b7b5-52bd01fcc9cd,https://vz-e81debcf-c73.b-cdn.net/0eb23f3d-78ea-449a-b7b5-52bd01fcc9cd/thumbnail.jpg?width=480,https://vz-e81debcf-c73.b-cdn.net/0eb23f3d-78ea-449a-b7b5-52bd01fcc9cd/playlist.m3u8,,,,,,,Sophie Little,,,,,,False,200,404,image/jpeg,text/html
0ec9967f-dbd2-43ca-b93f-60d0c701323f,,tag,https://abdlhub.com/?v=0ec9967f-dbd2-43ca-b93f-60d0c701323f,https://vz-e81debcf-c73.b-cdn.net/0ec9967f-dbd2-43ca-b93f-60d0c701323f/thumbnail.jpg?width=480,https://vz-e81debcf-c73.b-cdn.net/0ec9967f-dbd2-43ca-b93f-60d0c701323f/playlist.m3u8,,,,,,,diaper; pov; Sophie Little,,,,,,False,200,404,image/jpeg,text/html
100b4a04-2c54-444b-8402-d368d58d1f9f,,tag,https://abdlhub.com/?v=100b4a04-2c54-444b-8402-d368d58d1f9f,https://vz-e81debcf-c73.b-cdn.net/100b4a04-2c54-444b-8402-d368d58d1f9f/thumbnail.jpg?width=480,https://vz-e81debcf-c73.b-cdn.net/100b4a04-2c54-444b-8402-d368d58d1f9f/playlist.m3u8,,,,,,,Sophie Little,,,,,,False,200,404,image/jpeg,text/html
105b471c-68c5-40b8-b548-0e914bc87e6d,,tag,https://abdlhub.com/?v=105b471c-68c5-40b8-b548-0e914bc87e6d,https://vz-e81debcf-c73.b-cdn.net/105b471c-68c5-40b8-b548-0e914bc87e6d/thumbnail.jpg?width=480,https://vz-e81debcf-c73.b-cdn.net/105b471c-68c5-40b8-b548-0e914bc87e6d/playlist.m3u8,,,,,,,Sophie Little,,,,,,False,200,404,image/jpeg,text/html
1117710d-3850-48c6-b870-1fab3c571475,,tag,https://abdlhub.com/?v=1117710d-3850-48c6-b870-1fab3c571475,https://vz-e81debcf-c73.b-cdn.net/1117710d-3850-48c6-b870-1fab3c571475/thumbnail.jpg?width=480,https://vz-e81debcf-c73.b-cdn.net/1117710d-3850-48c6-b870-1fab3c571475/playlist.m3u8,,,,,,,Sophie Little,,,,,,False,200,404,image/jpeg,text/html
11f818b7-343d-45d3-96ca-d8cfbc07d7e5,,tag,https://abdlhub.com/?v=11f818b7-343d-45d3-96ca-d8cfbc07d7e5,https://vz-e81debcf-c73.b-cdn.net/11f818b7-343d-45d3-96ca-d8cfbc07d7e5/thumbnail.jpg?width=480,https://vz-e81debcf-c73.b-cdn.net/11f818b7-343d-45d3-96ca-d8cfbc07d7e5/playlist.m3u8,,,,,,,Sophie Little,,,,,,False,200,404,image/jpeg,text/html
120a2d08-35ed-42b8-84d5-0c69bb1e0185,,tag,https://abdlhub.com/?v=120a2d08-35ed-42b8-84d5-0c69bb1e0185,https://vz-e81debcf-c73.b-cdn.net/120a2d08-35ed-42b8-84d5-0c69bb1e0185/thumbnail.jpg?width=480,https://vz-e81debcf-c73.b-cdn.net/120a2d08-35ed-42b8-84d5-0c69bb1e0185/playlist.m3u8,,,,,,,diaper; pov; Sophie Little,,,,,,False,200,404,image/jpeg,text/html
1217c509-f4b1-41f3-af43-93a4ca9e2e16,,tag,https://abdlhub.com/?v=1217c509-f4b1-41f3-af43-93a4ca9e2e16,https://vz-e81debcf-c73.b-cdn.net/1217c509-f4b1-41f3-af43-93a4ca9e2e16/thumbnail.jpg?width=480,https://vz-e81debcf-c73.b-cdn.net/1217c509-f4b1-41f3-af43-93a4ca9e2e16/playlist.m3u8,,,,,,,Sophie Little,,,,,,False,200,404,image/jpeg,text/html
12ceca07-d18b-4c38-b692-7fb5bbe6fa3d,,tag,https://abdlhub.com/?v=12ceca07-d18b-4c38-b692-7fb5bbe6fa3d,https://vz-e81debcf-c73.b-cdn.net/12ceca07-d18b-4c38-b692-7fb5bbe6fa3d/thumbnail.jpg?width=480,https://vz-e81debcf-c73.b-cdn.net/12ceca07-d18b-4c38-b692-7fb5bbe6fa3d/playlist.m3u8,,,,,,,diaper; nursery; vlog; Sophie Little,,,,,,False,200,404,image/jpeg,text/html
12d3382f-5477-4d21-b79e-af759c195a5c,,tag,https://abdlhub.com/?v=12d3382f-5477-4d21-b79e-af759c195a5c,https://vz-e81debcf-c73.b-cdn.net/12d3382f-5477-4d21-b79e-af759c195a5c/thumbnail.jpg?width=480,https://vz-e81debcf-c73.b-cdn.net/12d3382f-5477-4d21-b79e-af759c195a5c/playlist.m3u8,,,,,,,Sophie Little,,,,,,False,200,404,image/jpeg,text/html
13275025-be14-45ec-9c95-b6dd472c41e7,,tag,https://abdlhub.com/?v=13275025-be14-45ec-9c95-b6dd472c41e7,https://vz-e81debcf-c73.b-cdn.net/13275025-be14-45ec-9c95-b6dd472c41e7/thumbnail.jpg?width=480,https://vz-e81debcf-c73.b-cdn.net/13275025-be14-45ec-9c95-b6dd472c41e7/playlist.m3u8,,,,,,,diaper; Sophie Little,,,,,,False,200,404,image/jpeg,text/html
1402ce4d-6d64-4926-9852-c184318b3af7,,tag,https://abdlhub.com/?v=1402ce4d-6d64-4926-9852-c184318b3af7,https://vz-e81debcf-c73.b-cdn.net/1402ce4d-6d64-4926-9852-c184318b3af7/thumbnail.jpg?width=480,https://vz-e81debcf-c73.b-cdn.net/1402ce4d-6d64-4926-9852-c184318b3af7/playlist.m3u8,,,,,,,diaper; changing; vlog; Sophie Little,,,,,,False,200,404,image/jpeg,text/html
1450ff83-9a6e-4560-856e-2d40bf97c531,,tag,https://abdlhub.com/?v=1450ff83-9a6e-4560-856e-2d40bf97c531,https://vz-e81debcf-c73.b-cdn.net/1450ff83-9a6e-4560-856e-2d40bf97c531/thumbnail.jpg?width=480,https://vz-e81debcf-c73.b-cdn.net/1450ff83-9a6e-4560-856e-2d40bf97c531/playlist.m3u8,,,,,,,diaper; Sophie Little,,,,,,False,200,404,image/jpeg,text/html
14a95855-53a3-4f4d-8c78-3933a383be8f,,tag,https://abdlhub.com/?v=14a95855-53a3-4f4d-8c78-3933a383be8f,https://vz-e81debcf-c73.b-cdn.net/14a95855-53a3-4f4d-8c78-3933a383be8f/thumbnail.jpg?width=480,https://vz-e81debcf-c73.b-cdn.net/14a95855-53a3-4f4d-8c78-3933a383be8f/playlist.m3u8,,,,,,,pov; Sophie Little,,,,,,False,200,404,image/jpeg,text/html
14d834d7-0de2-4dd3-b81c-e7d047750fe5,,tag,https://abdlhub.com/?v=14d834d7-0de2-4dd3-b81c-e7d047750fe5,https://vz-e81debcf-c73.b-cdn.net/14d834d7-0de2-4dd3-b81c-e7d047750fe5/thumbnail.jpg?width=480,https://vz-e81debcf-c73.b-cdn.net/14d834d7-0de2-4dd3-b81c-e7d047750fe5/playlist.m3u8,,,,,,,diaper; changing; Sophie Little,,,,,,False,200,404,image/jpeg,text/html
153d635e-6416-432b-90b6-7f3ec965201e,,tag,https://abdlhub.com/?v=153d635e-6416-432b-90b6-7f3ec965201e,https://vz-e81debcf-c73.b-cdn.net/153d635e-6416-432b-90b6-7f3ec965201e/thumbnail.jpg?width=480,https://vz-e81debcf-c73.b-cdn.net/153d635e-6416-432b-90b6-7f3ec965201e/playlist.m3u8,,,,,,,diaper; Sophie Little,,,,,,False,200,404,image/jpeg,text/html
155ac351-3969-4447-b417-4348baffdfbe,,tag,https://abdlhub.com/?v=155ac351-3969-4447-b417-4348baffdfbe,https://vz-e81debcf-c73.b-cdn.net/155ac351-3969-4447-b417-4348baffdfbe/thumbnail.jpg?width=480,https://vz-e81debcf-c73.b-cdn.net/155ac351-3969-4447-b417-4348baffdfbe/playlist.m3u8,,,,,,,diaper; changing; Sophie Little,,,,,,False,200,404,image/jpeg,text/html
15f2c0c8-1615-4d55-a808-b13bc6f15297,,tag,https://abdlhub.com/?v=15f2c0c8-1615-4d55-a808-b13bc6f15297,https://vz-e81debcf-c73.b-cdn.net/15f2c0c8-1615-4d55-a808-b13bc6f15297/thumbnail.jpg?width=480,https://vz-e81debcf-c73.b-cdn.net/15f2c0c8-1615-4d55-a808-b13bc6f15297/playlist.m3u8,,,,,,,crib; pov; Sophie Little,,,,,,False,200,404,image/jpeg,text/html
1645d136-8a89-43aa-b668-4a10cda6da2d,,tag,https://abdlhub.com/?v=1645d136-8a89-43aa-b668-4a10cda6da2d,https://vz-e81debcf-c73.b-cdn.net/1645d136-8a89-43aa-b668-4a10cda6da2d/thumbnail.jpg?width=480,https://vz-e81debcf-c73.b-cdn.net/1645d136-8a89-43aa-b668-4a10cda6da2d/playlist.m3u8,,,,,,,diaper; Sophie Little,,,,,,False,200,404,image/jpeg,text/html
1657f9f9-47a2-408c-b2a8-2a17fbc1d980,,tag,https://abdlhub.com/?v=1657f9f9-47a2-408c-b2a8-2a17fbc1d980,https://vz-e81debcf-c73.b-cdn.net/1657f9f9-47a2-408c-b2a8-2a17fbc1d980/thumbnail.jpg?width=480,https://vz-e81debcf-c73.b-cdn.net/1657f9f9-47a2-408c-b2a8-2a17fbc1d980/playlist.m3u8,,,,,,,diaper; Sophie Little,,,,,,False,200,404,image/jpeg,text/html
169fdeb4-4199-4f6a-8db9-170e454b2e38,,tag,https://abdlhub.com/?v=169fdeb4-4199-4f6a-8db9-170e454b2e38,https://vz-e81debcf-c73.b-cdn.net/169fdeb4-4199-4f6a-8db9-170e454b2e38/thumbnail.jpg?width=480,https://vz-e81debcf-c73.b-cdn.net/169fdeb4-4199-4f6a-8db9-170e454b2e38/playlist.m3u8,,,,,,,diaper; pov; Sophie Little,,,,,,False,200,404,image/jpeg,text/html
173ed0e9-3f7d-479f-a789-08137c86d84b,,tag,https://abdlhub.com/?v=173ed0e9-3f7d-479f-a789-08137c86d84b,https://vz-e81debcf-c73.b-cdn.net/173ed0e9-3f7d-479f-a789-08137c86d84b/thumbnail.jpg?width=480,https://vz-e81debcf-c73.b-cdn.net/173ed0e9-3f7d-479f-a789-08137c86d84b/playlist.m3u8,,,,,,,diaper; changing; Sophie Little,,,,,,False,200,404,image/jpeg,text/html
17e3f5bc-2daf-4b65-aa3d-7bc1f0b0a50a,,tag,https://abdlhub.com/?v=17e3f5bc-2daf-4b65-aa3d-7bc1f0b0a50a,https://vz-e81debcf-c73.b-cdn.net/17e3f5bc-2daf-4b65-aa3d-7bc1f0b0a50a/thumbnail.jpg?width=480,https://vz-e81debcf-c73.b-cdn.net/17e3f5bc-2daf-4b65-aa3d-7bc1f0b0a50a/playlist.m3u8,,,,,,,Sophie Little,,,,,,False,200,404,image/jpeg,text/html
17ee6c76-a289-4a4e-87eb-947707739c94,,tag,https://abdlhub.com/?v=17ee6c76-a289-4a4e-87eb-947707739c94,https://vz-e81debcf-c73.b-cdn.net/17ee6c76-a289-4a4e-87eb-947707739c94/thumbnail.jpg?width=480,https://vz-e81debcf-c73.b-cdn.net/17ee6c76-a289-4a4e-87eb-947707739c94/playlist.m3u8,,,,,,,Sophie Little,,,,,,False,200,404,image/jpeg,text/html
18a2aa28-d531-4037-8213-a14b5d96d03c,,tag,https://abdlhub.com/?v=18a2aa28-d531-4037-8213-a14b5d96d03c,https://vz-e81debcf-c73.b-cdn.net/18a2aa28-d531-4037-8213-a14b5d96d03c/thumbnail.jpg?width=480,https://vz-e81debcf-c73.b-cdn.net/18a2aa28-d531-4037-8213-a14b5d96d03c/playlist.m3u8,,,,,,,diaper; pov; Sophie Little,,,,,,False,200,404,image/jpeg,text/html
18d2e53b-e389-4f9f-a9bf-fbd298118802,,tag,https://abdlhub.com/?v=18d2e53b-e389-4f9f-a9bf-fbd298118802,https://vz-e81debcf-c73.b-cdn.net/18d2e53b-e389-4f9f-a9bf-fbd298118802/thumbnail.jpg?width=480,https://vz-e81debcf-c73.b-cdn.net/18d2e53b-e389-4f9f-a9bf-fbd298118802/playlist.m3u8,,,,,,,vlog; Sophie Little,,,,,,False,200,404,image/jpeg,text/html
1910a4b3-e108-4d19-b87c-934be61b6e60,,tag,https://abdlhub.com/?v=1910a4b3-e108-4d19-b87c-934be61b6e60,https://vz-e81debcf-c73.b-cdn.net/1910a4b3-e108-4d19-b87c-934be61b6e60/thumbnail.jpg?width=480,https://vz-e81debcf-c73.b-cdn.net/1910a4b3-e108-4d19-b87c-934be61b6e60/playlist.m3u8,,,,,,,Sophie Little,,,,,,False,200,404,image/jpeg,text/html
197907d4-f864-4df9-97f1-989196dbc106,,tag,https://abdlhub.com/?v=197907d4-f864-4df9-97f1-989196dbc106,https://vz-e81debcf-c73.b-cdn.net/197907d4-f864-4df9-97f1-989196dbc106/thumbnail.jpg?width=480,https://vz-e81debcf-c73.b-cdn.net/197907d4-f864-4df9-97f1-989196dbc106/playlist.m3u8,,,,,,,Sophie Little,,,,,,False,200,404,image/jpeg,text/html
1995419d-9453-4833-980b-206ec168d655,,tag,https://abdlhub.com/?v=1995419d-9453-4833-980b-206ec168d655,https://vz-e81debcf-c73.b-cdn.net/1995419d-9453-4833-980b-206ec168d655/thumbnail.jpg?width=480,https://vz-e81debcf-c73.b-cdn.net/1995419d-9453-4833-980b-206ec168d655/playlist.m3u8,,,,,,,diaper; nursery; pov; Sophie Little,,,,,,False,200,404,image/jpeg,text/html
1a46544c-a187-4380-ab99-61d755d3c6d7,,tag,https://abdlhub.com/?v=1a46544c-a187-4380-ab99-61d755d3c6d7,https://vz-e81debcf-c73.b-cdn.net/1a46544c-a187-4380-ab99-61d755d3c6d7/thumbnail.jpg?width=480,https://vz-e81debcf-c73.b-cdn.net/1a46544c-a187-4380-ab99-61d755d3c6d7/playlist.m3u8,,,,,,,Sophie Little,,,,,,False,200,404,image/jpeg,text/html
1ab30222-4ac0-41b6-839c-195e15c6bc76,,tag,https://abdlhub.com/?v=1ab30222-4ac0-41b6-839c-195e15c6bc76,https://vz-e81debcf-c73.b-cdn.net/1ab30222-4ac0-41b6-839c-195e15c6bc76/thumbnail.jpg?width=480,https://vz-e81debcf-c73.b-cdn.net/1ab30222-4ac0-41b6-839c-195e15c6bc76/playlist.m3u8,,,,,,,vlog; Sophie Little,,,,,,False,200,404,image/jpeg,text/html
1b31fa34-6e1d-45c4-ab33-6699badf0bf4,,tag,https://abdlhub.com/?v=1b31fa34-6e1d-45c4-ab33-6699badf0bf4,https://vz-e81debcf-c73.b-cdn.net/1b31fa34-6e1d-45c4-ab33-6699badf0bf4/thumbnail.jpg?width=480,https://vz-e81debcf-c73.b-cdn.net/1b31fa34-6e1d-45c4-ab33-6699badf0bf4/playlist.m3u8,,,,,,,diaper; Sophie Little,,,,,,False,200,404,image/jpeg,text/html
1b55a60d-cdf1-442b-a412-6a64dee5a3f1,,tag,https://abdlhub.com/?v=1b55a60d-cdf1-442b-a412-6a64dee5a3f1,https://vz-e81debcf-c73.b-cdn.net/1b55a60d-cdf1-442b-a412-6a64dee5a3f1/thumbnail.jpg?width=480,https://vz-e81debcf-c73.b-cdn.net/1b55a60d-cdf1-442b-a412-6a64dee5a3f1/playlist.m3u8,,,,,,,diaper; Sophie Little,,,,,,False,200,404,image/jpeg,text/html
1be5ed32-333f-40fd-b729-be6daa885038,,tag,https://abdlhub.com/?v=1be5ed32-333f-40fd-b729-be6daa885038,https://vz-e81debcf-c73.b-cdn.net/1be5ed32-333f-40fd-b729-be6daa885038/thumbnail.jpg?width=480,https://vz-e81debcf-c73.b-cdn.net/1be5ed32-333f-40fd-b729-be6daa885038/playlist.m3u8,,,,,,,Sophie Little,,,,,,False,200,404,image/jpeg,text/html
1c487a87-642a-4bd8-bc4d-bc1500b655e7,,tag,https://abdlhub.com/?v=1c487a87-642a-4bd8-bc4d-bc1500b655e7,https://vz-e81debcf-c73.b-cdn.net/1c487a87-642a-4bd8-bc4d-bc1500b655e7/thumbnail.jpg?width=480,https://vz-e81debcf-c73.b-cdn.net/1c487a87-642a-4bd8-bc4d-bc1500b655e7/playlist.m3u8,,,,,,,Sophie Little,,,,,,False,200,404,image/jpeg,text/html
1c506bb5-74a4-4dd0-bf46-c9177860ef49,,tag,https://abdlhub.com/?v=1c506bb5-74a4-4dd0-bf46-c9177860ef49,https://vz-e81debcf-c73.b-cdn.net/1c506bb5-74a4-4dd0-bf46-c9177860ef49/thumbnail.jpg?width=480,https://vz-e81debcf-c73.b-cdn.net/1c506bb5-74a4-4dd0-bf46-c9177860ef49/playlist.m3u8,,,,,,,diaper; Sophie Little,,,,,,False,200,404,image/jpeg,text/html
1cd6cb2d-bb7c-40ab-a7b1-b5f025c3d9d5,,tag,https://abdlhub.com/?v=1cd6cb2d-bb7c-40ab-a7b1-b5f025c3d9d5,https://vz-e81debcf-c73.b-cdn.net/1cd6cb2d-bb7c-40ab-a7b1-b5f025c3d9d5/thumbnail.jpg?width=480,https://vz-e81debcf-c73.b-cdn.net/1cd6cb2d-bb7c-40ab-a7b1-b5f025c3d9d5/playlist.m3u8,,,,,,,diaper; Sophie Little,,,,,,False,200,404,image/jpeg,text/html
1cd966cb-2578-46da-80a6-26bb9acd0a5c,,tag,https://abdlhub.com/?v=1cd966cb-2578-46da-80a6-26bb9acd0a5c,https://vz-e81debcf-c73.b-cdn.net/1cd966cb-2578-46da-80a6-26bb9acd0a5c/thumbnail.jpg?width=480,https://vz-e81debcf-c73.b-cdn.net/1cd966cb-2578-46da-80a6-26bb9acd0a5c/playlist.m3u8,,,,,,,mess; Sophie Little,,,,,,False,200,404,image/jpeg,text/html
1dbc701b-9eb9-4eae-8756-26078e83e880,,tag,https://abdlhub.com/?v=1dbc701b-9eb9-4eae-8756-26078e83e880,https://vz-e81debcf-c73.b-cdn.net/1dbc701b-9eb9-4eae-8756-26078e83e880/thumbnail.jpg?width=480,https://vz-e81debcf-c73.b-cdn.net/1dbc701b-9eb9-4eae-8756-26078e83e880/playlist.m3u8,,,,,,,Sophie Little,,,,,,False,200,404,image/jpeg,text/html
1e10165b-e42c-4fb9-8f03-0768702a382b,,tag,https://abdlhub.com/?v=1e10165b-e42c-4fb9-8f03-0768702a382b,https://vz-e81debcf-c73.b-cdn.net/1e10165b-e42c-4fb9-8f03-0768702a382b/thumbnail.jpg?width=480,https://vz-e81debcf-c73.b-cdn.net/1e10165b-e42c-4fb9-8f03-0768702a382b/playlist.m3u8,,,,,,,Sophie Little,,,,,,False,200,404,image/jpeg,text/html
1e6bc0c9-3ea2-48ed-9af1-36423ca925dd,,tag,https://abdlhub.com/?v=1e6bc0c9-3ea2-48ed-9af1-36423ca925dd,https://vz-e81debcf-c73.b-cdn.net/1e6bc0c9-3ea2-48ed-9af1-36423ca925dd/thumbnail.jpg?width=480,https://vz-e81debcf-c73.b-cdn.net/1e6bc0c9-3ea2-48ed-9af1-36423ca925dd/playlist.m3u8,,,,,,,Sophie Little,,,,,,False,200,404,image/jpeg,text/html
1e6f283f-4879-43b5-bae0-3707ae6cef86,,tag,https://abdlhub.com/?v=1e6f283f-4879-43b5-bae0-3707ae6cef86,https://vz-e81debcf-c73.b-cdn.net/1e6f283f-4879-43b5-bae0-3707ae6cef86/thumbnail.jpg?width=480,https://vz-e81debcf-c73.b-cdn.net/1e6f283f-4879-43b5-bae0-3707ae6cef86/playlist.m3u8,,,,,,,diaper; vlog; Sophie Little,,,,,,False,200,404,image/jpeg,text/html
1e9c211f-3eed-4945-8d85-0213af6d4c5e,,tag,https://abdlhub.com/?v=1e9c211f-3eed-4945-8d85-0213af6d4c5e,https://vz-e81debcf-c73.b-cdn.net/1e9c211f-3eed-4945-8d85-0213af6d4c5e/thumbnail.jpg?width=480,https://vz-e81debcf-c73.b-cdn.net/1e9c211f-3eed-4945-8d85-0213af6d4c5e/playlist.m3u8,,,,,,,diaper; Sophie Little,,,,,,False,200,404,image/jpeg,text/html
1ec1f0af-e595-46c9-a761-e2e6d8546bbb,,tag,https://abdlhub.com/?v=1ec1f0af-e595-46c9-a761-e2e6d8546bbb,https://vz-e81debcf-c73.b-cdn.net/1ec1f0af-e595-46c9-a761-e2e6d8546bbb/thumbnail.jpg?width=480,https://vz-e81debcf-c73.b-cdn.net/1ec1f0af-e595-46c9-a761-e2e6d8546bbb/playlist.m3u8,,,,,,,diaper; changing; Sophie Little,,,,,,False,200,404,image/jpeg,text/html
1f1234b8-392d-4faa-9afc-417ee5184770,,tag,https://abdlhub.com/?v=1f1234b8-392d-4faa-9afc-417ee5184770,https://vz-e81debcf-c73.b-cdn.net/1f1234b8-392d-4faa-9afc-417ee5184770/thumbnail.jpg?width=480,https://vz-e81debcf-c73.b-cdn.net/1f1234b8-392d-4faa-9afc-417ee5184770/playlist.m3u8,,,,,,,diaper; Sophie Little,,,,,,False,200,404,image/jpeg,text/html
1f8834ee-62ef-4d63-b9a2-eaf386c03923,,tag,https://abdlhub.com/?v=1f8834ee-62ef-4d63-b9a2-eaf386c03923,https://vz-e81debcf-c73.b-cdn.net/1f8834ee-62ef-4d63-b9a2-eaf386c03923/thumbnail.jpg?width=480,https://vz-e81debcf-c73.b-cdn.net/1f8834ee-62ef-4d63-b9a2-eaf386c03923/playlist.m3u8,,,,,,,Sophie Little,,,,,,False,200,404,image/jpeg,text/html
1fdaf6c8-1493-42a7-b00d-513c26b2fc06,,tag,https://abdlhub.com/?v=1fdaf6c8-1493-42a7-b00d-513c26b2fc06,https://vz-e81debcf-c73.b-cdn.net/1fdaf6c8-1493-42a7-b00d-513c26b2fc06/thumbnail.jpg?width=480,https://vz-e81debcf-c73.b-cdn.net/1fdaf6c8-1493-42a7-b00d-513c26b2fc06/playlist.m3u8,,,,,,,Sophie Little,,,,,,False,200,404,image/jpeg,text/html
202139c2-da45-4313-935d-556290babd6d,,tag,https://abdlhub.com/?v=202139c2-da45-4313-935d-556290babd6d,https://vz-e81debcf-c73.b-cdn.net/202139c2-da45-4313-935d-556290babd6d/thumbnail.jpg?width=480,https://vz-e81debcf-c73.b-cdn.net/202139c2-da45-4313-935d-556290babd6d/playlist.m3u8,,,,,,,Sophie Little,,,,,,False,200,404,image/jpeg,text/html
207b9b82-ec4d-4d6b-9e07-6c7f445078f5,,tag,https://abdlhub.com/?v=207b9b82-ec4d-4d6b-9e07-6c7f445078f5,https://vz-e81debcf-c73.b-cdn.net/207b9b82-ec4d-4d6b-9e07-6c7f445078f5/thumbnail.jpg?width=480,https://vz-e81debcf-c73.b-cdn.net/207b9b82-ec4d-4d6b-9e07-6c7f445078f5/playlist.m3u8,,,,,,,diaper; Sophie Little,,,,,,False,200,404,image/jpeg,text/html
215129d6-56f0-4569-9ddb-a9ca8d702c66,,tag,https://abdlhub.com/?v=215129d6-56f0-4569-9ddb-a9ca8d702c66,https://vz-e81debcf-c73.b-cdn.net/215129d6-56f0-4569-9ddb-a9ca8d702c66/thumbnail.jpg?width=480,https://vz-e81debcf-c73.b-cdn.net/215129d6-56f0-4569-9ddb-a9ca8d702c66/playlist.m3u8,,,,,,,diaper; Sophie Little,,,,,,False,200,404,image/jpeg,text/html
21725940-8246-4462-b20a-08a52998f94b,,tag,https://abdlhub.com/?v=21725940-8246-4462-b20a-08a52998f94b,https://vz-e81debcf-c73.b-cdn.net/21725940-8246-4462-b20a-08a52998f94b/thumbnail.jpg?width=480,https://vz-e81debcf-c73.b-cdn.net/21725940-8246-4462-b20a-08a52998f94b/playlist.m3u8,,,,,,,diaper; changing; Sophie Little,,,,,,False,200,404,image/jpeg,text/html
21a0dcc0-13f8-4862-9542-0c7ed425c0eb,,tag,https://abdlhub.com/?v=21a0dcc0-13f8-4862-9542-0c7ed425c0eb,https://vz-e81debcf-c73.b-cdn.net/21a0dcc0-13f8-4862-9542-0c7ed425c0eb/thumbnail.jpg?width=480,https://vz-e81debcf-c73.b-cdn.net/21a0dcc0-13f8-4862-9542-0c7ed425c0eb/playlist.m3u8,,,,,,,Sophie Little,,,,,,False,200,404,image/jpeg,text/html
21c21dc5-2987-4451-bcda-9f9deaf6c524,,tag,https://abdlhub.com/?v=21c21dc5-2987-4451-bcda-9f9deaf6c524,https://vz-e81debcf-c73.b-cdn.net/21c21dc5-2987-4451-bcda-9f9deaf6c524/thumbnail.jpg?width=480,https://vz-e81debcf-c73.b-cdn.net/21c21dc5-2987-4451-bcda-9f9deaf6c524/playlist.m3u8,,,,,,,Sophie Little,,,,,,False,200,404,image/jpeg,text/html
22c5ab31-86c2-4680-b952-d568965f2dab,,tag,https://abdlhub.com/?v=22c5ab31-86c2-4680-b952-d568965f2dab,https://vz-e81debcf-c73.b-cdn.net/22c5ab31-86c2-4680-b952-d568965f2dab/thumbnail.jpg?width=480,https://vz-e81debcf-c73.b-cdn.net/22c5ab31-86c2-4680-b952-d568965f2dab/playlist.m3u8,,,,,,,Sophie Little,,,,,,False,200,404,image/jpeg,text/html
23726eac-5977-439e-9569-81d3ff57b6cc,,tag,https://abdlhub.com/?v=23726eac-5977-439e-9569-81d3ff57b6cc,https://vz-e81debcf-c73.b-cdn.net/23726eac-5977-439e-9569-81d3ff57b6cc/thumbnail.jpg?width=480,https://vz-e81debcf-c73.b-cdn.net/23726eac-5977-439e-9569-81d3ff57b6cc/playlist.m3u8,,,,,,,nursery; pov; Sophie Little,,,,,,False,200,404,image/jpeg,text/html
23a7c00f-5c87-4879-b625-c72e35ef72df,,tag,https://abdlhub.com/?v=23a7c00f-5c87-4879-b625-c72e35ef72df,https://vz-e81debcf-c73.b-cdn.net/23a7c00f-5c87-4879-b625-c72e35ef72df/thumbnail.jpg?width=480,https://vz-e81debcf-c73.b-cdn.net/23a7c00f-5c87-4879-b625-c72e35ef72df/playlist.m3u8,,,,,,,diaper; changing; vlog; Sophie Little,,,,,,False,200,404,image/jpeg,text/html
24972882-82ff-4fe3-8f44-5b394281c239,,tag,https://abdlhub.com/?v=24972882-82ff-4fe3-8f44-5b394281c239,https://vz-e81debcf-c73.b-cdn.net/24972882-82ff-4fe3-8f44-5b394281c239/thumbnail.jpg?width=480,https://vz-e81debcf-c73.b-cdn.net/24972882-82ff-4fe3-8f44-5b394281c239/playlist.m3u8,,,,,,,diaper; Sophie Little,,,,,,False,200,404,image/jpeg,text/html
24b8db96-a3b7-4666-8e07-15ca702f6d99,,tag,https://abdlhub.com/?v=24b8db96-a3b7-4666-8e07-15ca702f6d99,https://vz-e81debcf-c73.b-cdn.net/24b8db96-a3b7-4666-8e07-15ca702f6d99/thumbnail.jpg?width=480,https://vz-e81debcf-c73.b-cdn.net/24b8db96-a3b7-4666-8e07-15ca702f6d99/playlist.m3u8,,,,,,,diaper; Sophie Little,,,,,,False,200,404,image/jpeg,text/html
24e2a711-9fa5-468b-819b-a53fffc92a48,,tag,https://abdlhub.com/?v=24e2a711-9fa5-468b-819b-a53fffc92a48,https://vz-e81debcf-c73.b-cdn.net/24e2a711-9fa5-468b-819b-a53fffc92a48/thumbnail.jpg?width=480,https://vz-e81debcf-c73.b-cdn.net/24e2a711-9fa5-468b-819b-a53fffc92a48/playlist.m3u8,,,,,,,Sophie Little,,,,,,False,200,404,image/jpeg,text/html
25f2f671-aee5-41d9-a60a-1153cfdc2b82,,tag,https://abdlhub.com/?v=25f2f671-aee5-41d9-a60a-1153cfdc2b82,https://vz-e81debcf-c73.b-cdn.net/25f2f671-aee5-41d9-a60a-1153cfdc2b82/thumbnail.jpg?width=480,https://vz-e81debcf-c73.b-cdn.net/25f2f671-aee5-41d9-a60a-1153cfdc2b82/playlist.m3u8,,,,,,,diaper; changing; vlog; Sophie Little,,,,,,False,200,404,image/jpeg,text/html
26eb87b9-b370-40e9-8669-8b27bc263f5d,,tag,https://abdlhub.com/?v=26eb87b9-b370-40e9-8669-8b27bc263f5d,https://vz-e81debcf-c73.b-cdn.net/26eb87b9-b370-40e9-8669-8b27bc263f5d/thumbnail.jpg?width=480,https://vz-e81debcf-c73.b-cdn.net/26eb87b9-b370-40e9-8669-8b27bc263f5d/playlist.m3u8,,,,,,,vlog; Sophie Little,,,,,,False,200,404,image/jpeg,text/html
2794ee32-1865-4c8e-b234-1dbdc8bc2db9,,tag,https://abdlhub.com/?v=2794ee32-1865-4c8e-b234-1dbdc8bc2db9,https://vz-e81debcf-c73.b-cdn.net/2794ee32-1865-4c8e-b234-1dbdc8bc2db9/thumbnail.jpg?width=480,https://vz-e81debcf-c73.b-cdn.net/2794ee32-1865-4c8e-b234-1dbdc8bc2db9/playlist.m3u8,,,,,,,diaper; pov; Sophie Little,,,,,,False,200,404,image/jpeg,text/html
27f17938-57bf-431c-b079-a938b1b0d06f,,tag,https://abdlhub.com/?v=27f17938-57bf-431c-b079-a938b1b0d06f,https://vz-e81debcf-c73.b-cdn.net/27f17938-57bf-431c-b079-a938b1b0d06f/thumbnail.jpg?width=480,https://vz-e81debcf-c73.b-cdn.net/27f17938-57bf-431c-b079-a938b1b0d06f/playlist.m3u8,,,,,,,diaper; Sophie Little,,,,,,False,200,404,image/jpeg,text/html
28154ba3-0c11-402f-b70e-45aff0fed7c6,,tag,https://abdlhub.com/?v=28154ba3-0c11-402f-b70e-45aff0fed7c6,https://vz-e81debcf-c73.b-cdn.net/28154ba3-0c11-402f-b70e-45aff0fed7c6/thumbnail.jpg?width=480,https://vz-e81debcf-c73.b-cdn.net/28154ba3-0c11-402f-b70e-45aff0fed7c6/playlist.m3u8,,,,,,,Sophie Little,,,,,,False,200,404,image/jpeg,text/html
282eecc8-8681-4a28-b032-94aee1adb9ba,,tag,https://abdlhub.com/?v=282eecc8-8681-4a28-b032-94aee1adb9ba,https://vz-e81debcf-c73.b-cdn.net/282eecc8-8681-4a28-b032-94aee1adb9ba/thumbnail.jpg?width=480,https://vz-e81debcf-c73.b-cdn.net/282eecc8-8681-4a28-b032-94aee1adb9ba/playlist.m3u8,,,,,,,diaper; Sophie Little,,,,,,False,200,404,image/jpeg,text/html
28340815-472e-426d-beef-3efe1d77f6dc,,tag,https://abdlhub.com/?v=28340815-472e-426d-beef-3efe1d77f6dc,https://vz-e81debcf-c73.b-cdn.net/28340815-472e-426d-beef-3efe1d77f6dc/thumbnail.jpg?width=480,https://vz-e81debcf-c73.b-cdn.net/28340815-472e-426d-beef-3efe1d77f6dc/playlist.m3u8,,,,,,,diaper; Sophie Little,,,,,,False,200,404,image/jpeg,text/html
2835db29-9050-4f15-bdff-662aec1100ae,,tag,https://abdlhub.com/?v=2835db29-9050-4f15-bdff-662aec1100ae,https://vz-e81debcf-c73.b-cdn.net/2835db29-9050-4f15-bdff-662aec1100ae/thumbnail.jpg?width=480,https://vz-e81debcf-c73.b-cdn.net/2835db29-9050-4f15-bdff-662aec1100ae/playlist.m3u8,,,,,,,diaper; changing; vlog; Sophie Little,,,,,,False,200,404,image/jpeg,text/html
2844ee1e-1353-46a5-b379-4e8bad35ede1,,tag,https://abdlhub.com/?v=2844ee1e-1353-46a5-b379-4e8bad35ede1,https://vz-e81debcf-c73.b-cdn.net/2844ee1e-1353-46a5-b379-4e8bad35ede1/thumbnail.jpg?width=480,https://vz-e81debcf-c73.b-cdn.net/2844ee1e-1353-46a5-b379-4e8bad35ede1/playlist.m3u8,,,,,,,Sophie Little,,,,,,False,200,404,image/jpeg,text/html
28eb447a-971d-4a9c-a79a-90a5d4b4ba3f,,tag,https://abdlhub.com/?v=28eb447a-971d-4a9c-a79a-90a5d4b4ba3f,https://vz-e81debcf-c73.b-cdn.net/28eb447a-971d-4a9c-a79a-90a5d4b4ba3f/thumbnail.jpg?width=480,https://vz-e81debcf-c73.b-cdn.net/28eb447a-971d-4a9c-a79a-90a5d4b4ba3f/playlist.m3u8,,,,,,,diaper; changing; Sophie Little,,,,,,False,200,404,image/jpeg,text/html
29639a31-8b37-4696-85a4-e6a7ef10ec84,,tag,https://abdlhub.com/?v=29639a31-8b37-4696-85a4-e6a7ef10ec84,https://vz-e81debcf-c73.b-cdn.net/29639a31-8b37-4696-85a4-e6a7ef10ec84/thumbnail.jpg?width=480,https://vz-e81debcf-c73.b-cdn.net/29639a31-8b37-4696-85a4-e6a7ef10ec84/playlist.m3u8,,,,,,,diaper; Sophie Little,,,,,,False,200,404,image/jpeg,text/html
29a0db31-86c4-4570-af20-3d8ffd21062a,,tag,https://abdlhub.com/?v=29a0db31-86c4-4570-af20-3d8ffd21062a,https://vz-e81debcf-c73.b-cdn.net/29a0db31-86c4-4570-af20-3d8ffd21062a/thumbnail.jpg?width=480,https://vz-e81debcf-c73.b-cdn.net/29a0db31-86c4-4570-af20-3d8ffd21062a/playlist.m3u8,,,,,,,pov; Sophie Little,,,,,,False,200,404,image/jpeg,text/html
29f7c7ad-fa62-4ce7-8d1c-3b7b843ca2a2,,tag,https://abdlhub.com/?v=29f7c7ad-fa62-4ce7-8d1c-3b7b843ca2a2,https://vz-e81debcf-c73.b-cdn.net/29f7c7ad-fa62-4ce7-8d1c-3b7b843ca2a2/thumbnail.jpg?width=480,https://vz-e81debcf-c73.b-cdn.net/29f7c7ad-fa62-4ce7-8d1c-3b7b843ca2a2/playlist.m3u8,,,,,,,diaper; Sophie Little,,,,,,False,200,404,image/jpeg,text/html
29fff7a7-d85f-4040-a474-a541f8894545,,tag,https://abdlhub.com/?v=29fff7a7-d85f-4040-a474-a541f8894545,https://vz-e81debcf-c73.b-cdn.net/29fff7a7-d85f-4040-a474-a541f8894545/thumbnail.jpg?width=480,https://vz-e81debcf-c73.b-cdn.net/29fff7a7-d85f-4040-a474-a541f8894545/playlist.m3u8,,,,,,,Sophie Little,,,,,,False,200,404,image/jpeg,text/html
2a0c7187-4176-4ec7-a2ad-b6d187f113fa,,tag,https://abdlhub.com/?v=2a0c7187-4176-4ec7-a2ad-b6d187f113fa,https://vz-e81debcf-c73.b-cdn.net/2a0c7187-4176-4ec7-a2ad-b6d187f113fa/thumbnail.jpg?width=480,https://vz-e81debcf-c73.b-cdn.net/2a0c7187-4176-4ec7-a2ad-b6d187f113fa/playlist.m3u8,,,,,,,crib; Sophie Little,,,,,,False,200,404,image/jpeg,text/html
2a3221da-ea63-4c54-8079-7356a3b30681,,tag,https://abdlhub.com/?v=2a3221da-ea63-4c54-8079-7356a3b30681,https://vz-e81debcf-c73.b-cdn.net/2a3221da-ea63-4c54-8079-7356a3b30681/thumbnail.jpg?width=480,https://vz-e81debcf-c73.b-cdn.net/2a3221da-ea63-4c54-8079-7356a3b30681/playlist.m3u8,,,,,,,Sophie Little,,,,,,False,200,404,image/jpeg,text/html
2a4f81ed-0033-43df-8851-a5fa46ffb7bd,,tag,https://abdlhub.com/?v=2a4f81ed-0033-43df-8851-a5fa46ffb7bd,https://vz-e81debcf-c73.b-cdn.net/2a4f81ed-0033-43df-8851-a5fa46ffb7bd/thumbnail.jpg?width=480,https://vz-e81debcf-c73.b-cdn.net/2a4f81ed-0033-43df-8851-a5fa46ffb7bd/playlist.m3u8,,,,,,,vlog; Sophie Little,,,,,,False,200,404,image/jpeg,text/html
2afd9e7a-240e-4737-8242-c197165676e1,,tag,https://abdlhub.com/?v=2afd9e7a-240e-4737-8242-c197165676e1,https://vz-e81debcf-c73.b-cdn.net/2afd9e7a-240e-4737-8242-c197165676e1/thumbnail.jpg?width=480,https://vz-e81debcf-c73.b-cdn.net/2afd9e7a-240e-4737-8242-c197165676e1/playlist.m3u8,,,,,,,diaper; changing; Sophie Little,,,,,,False,200,404,image/jpeg,text/html
2b2ffe15-5f11-4bef-a451-ef207d350c7a,,tag,https://abdlhub.com/?v=2b2ffe15-5f11-4bef-a451-ef207d350c7a,https://vz-e81debcf-c73.b-cdn.net/2b2ffe15-5f11-4bef-a451-ef207d350c7a/thumbnail.jpg?width=480,https://vz-e81debcf-c73.b-cdn.net/2b2ffe15-5f11-4bef-a451-ef207d350c7a/playlist.m3u8,,,,,,,Sophie Little,,,,,,False,200,404,image/jpeg,text/html
2bb820d6-cd7e-4907-ad61-bcb03c9411c7,,tag,https://abdlhub.com/?v=2bb820d6-cd7e-4907-ad61-bcb03c9411c7,https://vz-e81debcf-c73.b-cdn.net/2bb820d6-cd7e-4907-ad61-bcb03c9411c7/thumbnail.jpg?width=480,https://vz-e81debcf-c73.b-cdn.net/2bb820d6-cd7e-4907-ad61-bcb03c9411c7/playlist.m3u8,,,,,,,Sophie Little,,,,,,False,200,404,image/jpeg,text/html
2c314ef5-1b3b-4749-9e19-12fff7abbbad,,tag,https://abdlhub.com/?v=2c314ef5-1b3b-4749-9e19-12fff7abbbad,https://vz-e81debcf-c73.b-cdn.net/2c314ef5-1b3b-4749-9e19-12fff7abbbad/thumbnail.jpg?width=480,https://vz-e81debcf-c73.b-cdn.net/2c314ef5-1b3b-4749-9e19-12fff7abbbad/playlist.m3u8,,,,,,,Sophie Little,,,,,,False,200,404,image/jpeg,text/html
2cf327cc-052b-4be8-9a86-694f2f834ac8,,tag,https://abdlhub.com/?v=2cf327cc-052b-4be8-9a86-694f2f834ac8,https://vz-e81debcf-c73.b-cdn.net/2cf327cc-052b-4be8-9a86-694f2f834ac8/thumbnail.jpg?width=480,https://vz-e81debcf-c73.b-cdn.net/2cf327cc-052b-4be8-9a86-694f2f834ac8/playlist.m3u8,,,,,,,diaper; Sophie Little,,,,,,False,200,404,image/jpeg,text/html
2d1f4a66-f2c1-4afd-aaa6-65b36fb8e6d1,,tag,https://abdlhub.com/?v=2d1f4a66-f2c1-4afd-aaa6-65b36fb8e6d1,https://vz-e81debcf-c73.b-cdn.net/2d1f4a66-f2c1-4afd-aaa6-65b36fb8e6d1/thumbnail.jpg?width=480,https://vz-e81debcf-c73.b-cdn.net/2d1f4a66-f2c1-4afd-aaa6-65b36fb8e6d1/playlist.m3u8,,,,,,,Sophie Little,,,,,,False,200,404,image/jpeg,text/html
2e208588-a523-4d17-a814-2181e19ced6c,,tag,https://abdlhub.com/?v=2e208588-a523-4d17-a814-2181e19ced6c,https://vz-e81debcf-c73.b-cdn.net/2e208588-a523-4d17-a814-2181e19ced6c/thumbnail.jpg?width=480,https://vz-e81debcf-c73.b-cdn.net/2e208588-a523-4d17-a814-2181e19ced6c/playlist.m3u8,,,,,,,diaper; pov; Sophie Little,,,,,,False,200,404,image/jpeg,text/html
2ea0a40f-3264-444f-a1a4-7722cad4bc43,,tag,https://abdlhub.com/?v=2ea0a40f-3264-444f-a1a4-7722cad4bc43,https://vz-e81debcf-c73.b-cdn.net/2ea0a40f-3264-444f-a1a4-7722cad4bc43/thumbnail.jpg?width=480,https://vz-e81debcf-c73.b-cdn.net/2ea0a40f-3264-444f-a1a4-7722cad4bc43/playlist.m3u8,,,,,,,Sophie Little,,,,,,False,200,404,image/jpeg,text/html
2ec3f787-7e25-4632-a6d5-dbd7fcd4b741,,tag,https://abdlhub.com/?v=2ec3f787-7e25-4632-a6d5-dbd7fcd4b741,https://vz-e81debcf-c73.b-cdn.net/2ec3f787-7e25-4632-a6d5-dbd7fcd4b741/thumbnail.jpg?width=480,https://vz-e81debcf-c73.b-cdn.net/2ec3f787-7e25-4632-a6d5-dbd7fcd4b741/playlist.m3u8,,,,,,,diaper; Sophie Little,,,,,,False,200,404,image/jpeg,text/html
2efdef03-6496-4ecc-89bc-cfc50c709053,,tag,https://abdlhub.com/?v=2efdef03-6496-4ecc-89bc-cfc50c709053,https://vz-e81debcf-c73.b-cdn.net/2efdef03-6496-4ecc-89bc-cfc50c709053/thumbnail.jpg?width=480,https://vz-e81debcf-c73.b-cdn.net/2efdef03-6496-4ecc-89bc-cfc50c709053/playlist.m3u8,,,,,,,Sophie Little,,,,,,False,200,404,image/jpeg,text/html
2fe2e475-ec42-46ed-9b35-2688d5fc904d,,tag,https://abdlhub.com/?v=2fe2e475-ec42-46ed-9b35-2688d5fc904d,https://vz-e81debcf-c73.b-cdn.net/2fe2e475-ec42-46ed-9b35-2688d5fc904d/thumbnail.jpg?width=480,https://vz-e81debcf-c73.b-cdn.net/2fe2e475-ec42-46ed-9b35-2688d5fc904d/playlist.m3u8,,,,,,,Sophie Little,,,,,,False,200,404,image/jpeg,text/html
2ff954d3-d2f3-45be-833b-aa516ee2cbfc,,tag,https://abdlhub.com/?v=2ff954d3-d2f3-45be-833b-aa516ee2cbfc,https://vz-e81debcf-c73.b-cdn.net/2ff954d3-d2f3-45be-833b-aa516ee2cbfc/thumbnail.jpg?width=480,https://vz-e81debcf-c73.b-cdn.net/2ff954d3-d2f3-45be-833b-aa516ee2cbfc/playlist.m3u8,,,,,,,pov; Sophie Little,,,,,,False,200,404,image/jpeg,text/html
300d95ad-fb9b-4c98-953b-53d48f020e28,,tag,https://abdlhub.com/?v=300d95ad-fb9b-4c98-953b-53d48f020e28,https://vz-e81debcf-c73.b-cdn.net/300d95ad-fb9b-4c98-953b-53d48f020e28/thumbnail.jpg?width=480,https://vz-e81debcf-c73.b-cdn.net/300d95ad-fb9b-4c98-953b-53d48f020e28/playlist.m3u8,,,,,,,diaper; Sophie Little,,,,,,False,200,404,image/jpeg,text/html
30994360-e847-4148-ac92-3bcc0164dee8,,tag,https://abdlhub.com/?v=30994360-e847-4148-ac92-3bcc0164dee8,https://vz-e81debcf-c73.b-cdn.net/30994360-e847-4148-ac92-3bcc0164dee8/thumbnail.jpg?width=480,https://vz-e81debcf-c73.b-cdn.net/30994360-e847-4148-ac92-3bcc0164dee8/playlist.m3u8,,,,,,,diaper; Sophie Little,,,,,,False,200,404,image/jpeg,text/html
30ece526-ff03-4cc4-9112-91aeeb9b008e,,tag,https://abdlhub.com/?v=30ece526-ff03-4cc4-9112-91aeeb9b008e,https://vz-e81debcf-c73.b-cdn.net/30ece526-ff03-4cc4-9112-91aeeb9b008e/thumbnail.jpg?width=480,https://vz-e81debcf-c73.b-cdn.net/30ece526-ff03-4cc4-9112-91aeeb9b008e/playlist.m3u8,,,,,,,diaper; pov; Sophie Little,,,,,,False,200,404,image/jpeg,text/html
3166d067-b2f1-467f-89ea-989b3b0206a3,,tag,https://abdlhub.com/?v=3166d067-b2f1-467f-89ea-989b3b0206a3,https://vz-e81debcf-c73.b-cdn.net/3166d067-b2f1-467f-89ea-989b3b0206a3/thumbnail.jpg?width=480,https://vz-e81debcf-c73.b-cdn.net/3166d067-b2f1-467f-89ea-989b3b0206a3/playlist.m3u8,,,,,,,diaper; vlog; Sophie Little,,,,,,False,200,404,image/jpeg,text/html
31973b36-184f-45a5-8d01-c81cf800d3a7,,tag,https://abdlhub.com/?v=31973b36-184f-45a5-8d01-c81cf800d3a7,https://vz-e81debcf-c73.b-cdn.net/31973b36-184f-45a5-8d01-c81cf800d3a7/thumbnail.jpg?width=480,https://vz-e81debcf-c73.b-cdn.net/31973b36-184f-45a5-8d01-c81cf800d3a7/playlist.m3u8,,,,,,,diaper; changing; Sophie Little,,,,,,False,200,404,image/jpeg,text/html
31a2861b-daab-4181-a9f2-3a0711599d0b,,tag,https://abdlhub.com/?v=31a2861b-daab-4181-a9f2-3a0711599d0b,https://vz-e81debcf-c73.b-cdn.net/31a2861b-daab-4181-a9f2-3a0711599d0b/thumbnail.jpg?width=480,https://vz-e81debcf-c73.b-cdn.net/31a2861b-daab-4181-a9f2-3a0711599d0b/playlist.m3u8,,,,,,,pov; Sophie Little,,,,,,False,200,404,image/jpeg,text/html
31f3bbda-aad9-4359-b65a-fb44e76f409c,,tag,https://abdlhub.com/?v=31f3bbda-aad9-4359-b65a-fb44e76f409c,https://vz-e81debcf-c73.b-cdn.net/31f3bbda-aad9-4359-b65a-fb44e76f409c/thumbnail.jpg?width=480,https://vz-e81debcf-c73.b-cdn.net/31f3bbda-aad9-4359-b65a-fb44e76f409c/playlist.m3u8,,,,,,,diaper; changing; Sophie Little,,,,,,False,200,404,image/jpeg,text/html
31f3eaab-08f0-46ff-b980-d7cf68006c3c,,tag,https://abdlhub.com/?v=31f3eaab-08f0-46ff-b980-d7cf68006c3c,https://vz-e81debcf-c73.b-cdn.net/31f3eaab-08f0-46ff-b980-d7cf68006c3c/thumbnail.jpg?width=480,https://vz-e81debcf-c73.b-cdn.net/31f3eaab-08f0-46ff-b980-d7cf68006c3c/playlist.m3u8,,,,,,,Sophie Little,,,,,,False,200,404,image/jpeg,text/html
32258eeb-c9bd-4bcc-94e9-a63beab43904,,tag,https://abdlhub.com/?v=32258eeb-c9bd-4bcc-94e9-a63beab43904,https://vz-e81debcf-c73.b-cdn.net/32258eeb-c9bd-4bcc-94e9-a63beab43904/thumbnail.jpg?width=480,https://vz-e81debcf-c73.b-cdn.net/32258eeb-c9bd-4bcc-94e9-a63beab43904/playlist.m3u8,,,,,,,diaper; Sophie Little,,,,,,False,200,404,image/jpeg,text/html
33089dc5-c3d9-4020-a1a1-567845c94b2d,,tag,https://abdlhub.com/?v=33089dc5-c3d9-4020-a1a1-567845c94b2d,https://vz-e81debcf-c73.b-cdn.net/33089dc5-c3d9-4020-a1a1-567845c94b2d/thumbnail.jpg?width=480,https://vz-e81debcf-c73.b-cdn.net/33089dc5-c3d9-4020-a1a1-567845c94b2d/playlist.m3u8,,,,,,,Sophie Little,,,,,,False,200,404,image/jpeg,text/html
334896cc-529d-441b-b05b-9a0f46bdfe30,,tag,https://abdlhub.com/?v=334896cc-529d-441b-b05b-9a0f46bdfe30,https://vz-e81debcf-c73.b-cdn.net/334896cc-529d-441b-b05b-9a0f46bdfe30/thumbnail.jpg?width=480,https://vz-e81debcf-c73.b-cdn.net/334896cc-529d-441b-b05b-9a0f46bdfe30/playlist.m3u8,,,,,,,nursery; vlog; Sophie Little,,,,,,False,200,404,image/jpeg,text/html
339f4842-e846-4f3b-81a0-c81208b11efe,,tag,https://abdlhub.com/?v=339f4842-e846-4f3b-81a0-c81208b11efe,https://vz-e81debcf-c73.b-cdn.net/339f4842-e846-4f3b-81a0-c81208b11efe/thumbnail.jpg?width=480,https://vz-e81debcf-c73.b-cdn.net/339f4842-e846-4f3b-81a0-c81208b11efe/playlist.m3u8,,,,,,,diaper; changing; vlog; Sophie Little,,,,,,False,200,404,image/jpeg,text/html
340e8df3-edc9-4523-a06a-15372e9061a4,,tag,https://abdlhub.com/?v=340e8df3-edc9-4523-a06a-15372e9061a4,https://vz-e81debcf-c73.b-cdn.net/340e8df3-edc9-4523-a06a-15372e9061a4/thumbnail.jpg?width=480,https://vz-e81debcf-c73.b-cdn.net/340e8df3-edc9-4523-a06a-15372e9061a4/playlist.m3u8,,,,,,,Sophie Little,,,,,,False,200,404,image/jpeg,text/html
34790034-9f80-4a9e-91ac-c6e621178c26,,tag,https://abdlhub.com/?v=34790034-9f80-4a9e-91ac-c6e621178c26,https://vz-e81debcf-c73.b-cdn.net/34790034-9f80-4a9e-91ac-c6e621178c26/thumbnail.jpg?width=480,https://vz-e81debcf-c73.b-cdn.net/34790034-9f80-4a9e-91ac-c6e621178c26/playlist.m3u8,,,,,,,diaper; Sophie Little,,,,,,False,200,404,image/jpeg,text/html
3505a25b-c269-455b-8357-e11989c126b0,,tag,https://abdlhub.com/?v=3505a25b-c269-455b-8357-e11989c126b0,https://vz-e81debcf-c73.b-cdn.net/3505a25b-c269-455b-8357-e11989c126b0/thumbnail.jpg?width=480,https://vz-e81debcf-c73.b-cdn.net/3505a25b-c269-455b-8357-e11989c126b0/playlist.m3u8,,,,,,,Sophie Little,,,,,,False,200,404,image/jpeg,text/html
35a1edb9-9bee-4661-95ca-be6b5784e24a,,tag,https://abdlhub.com/?v=35a1edb9-9bee-4661-95ca-be6b5784e24a,https://vz-e81debcf-c73.b-cdn.net/35a1edb9-9bee-4661-95ca-be6b5784e24a/thumbnail.jpg?width=480,https://vz-e81debcf-c73.b-cdn.net/35a1edb9-9bee-4661-95ca-be6b5784e24a/playlist.m3u8,,,,,,,pov; Sophie Little,,,,,,False,200,404,image/jpeg,text/html
36b42ebc-7283-4dee-a920-5c2cbd0829d5,,tag,https://abdlhub.com/?v=36b42ebc-7283-4dee-a920-5c2cbd0829d5,https://vz-e81debcf-c73.b-cdn.net/36b42ebc-7283-4dee-a920-5c2cbd0829d5/thumbnail.jpg?width=480,https://vz-e81debcf-c73.b-cdn.net/36b42ebc-7283-4dee-a920-5c2cbd0829d5/playlist.m3u8,,,,,,,pov; Sophie Little,,,,,,False,200,404,image/jpeg,text/html
375a3abc-b401-4e44-8e57-979373465fad,,tag,https://abdlhub.com/?v=375a3abc-b401-4e44-8e57-979373465fad,https://vz-e81debcf-c73.b-cdn.net/375a3abc-b401-4e44-8e57-979373465fad/thumbnail.jpg?width=480,https://vz-e81debcf-c73.b-cdn.net/375a3abc-b401-4e44-8e57-979373465fad/playlist.m3u8,,,,,,,Sophie Little,,,,,,False,200,404,image/jpeg,text/html
37ef590d-680e-429c-b37d-fa76986d7645,,tag,https://abdlhub.com/?v=37ef590d-680e-429c-b37d-fa76986d7645,https://vz-e81debcf-c73.b-cdn.net/37ef590d-680e-429c-b37d-fa76986d7645/thumbnail.jpg?width=480,https://vz-e81debcf-c73.b-cdn.net/37ef590d-680e-429c-b37d-fa76986d7645/playlist.m3u8,,,,,,,diaper; Sophie Little,,,,,,False,200,404,image/jpeg,text/html
389dd331-3bf6-402d-9469-f28753c26e85,,tag,https://abdlhub.com/?v=389dd331-3bf6-402d-9469-f28753c26e85,https://vz-e81debcf-c73.b-cdn.net/389dd331-3bf6-402d-9469-f28753c26e85/thumbnail.jpg?width=480,https://vz-e81debcf-c73.b-cdn.net/389dd331-3bf6-402d-9469-f28753c26e85/playlist.m3u8,,,,,,,diaper; Sophie Little,,,,,,False,200,404,image/jpeg,text/html
38b911f1-47b0-45ad-a6df-3ee9d200df4d,,tag,https://abdlhub.com/?v=38b911f1-47b0-45ad-a6df-3ee9d200df4d,https://vz-e81debcf-c73.b-cdn.net/38b911f1-47b0-45ad-a6df-3ee9d200df4d/thumbnail.jpg?width=480,https://vz-e81debcf-c73.b-cdn.net/38b911f1-47b0-45ad-a6df-3ee9d200df4d/playlist.m3u8,,,,,,,diaper; Sophie Little,,,,,,False,200,404,image/jpeg,text/html
38cfed11-91d2-4aa9-ad55-6846cc4c3e9d,,tag,https://abdlhub.com/?v=38cfed11-91d2-4aa9-ad55-6846cc4c3e9d,https://vz-e81debcf-c73.b-cdn.net/38cfed11-91d2-4aa9-ad55-6846cc4c3e9d/thumbnail.jpg?width=480,https://vz-e81debcf-c73.b-cdn.net/38cfed11-91d2-4aa9-ad55-6846cc4c3e9d/playlist.m3u8,,,,,,,diaper; pov; Sophie Little,,,,,,False,200,404,image/jpeg,text/html
3908a2fb-3758-45c6-ad53-23b8480a4c60,,tag,https://abdlhub.com/?v=3908a2fb-3758-45c6-ad53-23b8480a4c60,https://vz-e81debcf-c73.b-cdn.net/3908a2fb-3758-45c6-ad53-23b8480a4c60/thumbnail.jpg?width=480,https://vz-e81debcf-c73.b-cdn.net/3908a2fb-3758-45c6-ad53-23b8480a4c60/playlist.m3u8,,,,,,,diaper; Sophie Little,,,,,,False,200,404,image/jpeg,text/html
3929e330-398c-48db-ba49-c4c2c3585660,,tag,https://abdlhub.com/?v=3929e330-398c-48db-ba49-c4c2c3585660,https://vz-e81debcf-c73.b-cdn.net/3929e330-398c-48db-ba49-c4c2c3585660/thumbnail.jpg?width=480,https://vz-e81debcf-c73.b-cdn.net/3929e330-398c-48db-ba49-c4c2c3585660/playlist.m3u8,,,,,,,diaper; Sophie Little,,,,,,False,200,404,image/jpeg,text/html
397eb454-2a86-4a70-8bc0-deae96db31ed,,tag,https://abdlhub.com/?v=397eb454-2a86-4a70-8bc0-deae96db31ed,https://vz-e81debcf-c73.b-cdn.net/397eb454-2a86-4a70-8bc0-deae96db31ed/thumbnail.jpg?width=480,https://vz-e81debcf-c73.b-cdn.net/397eb454-2a86-4a70-8bc0-deae96db31ed/playlist.m3u8,,,,,,,crib; Sophie Little,,,,,,False,200,404,image/jpeg,text/html
3986236d-3985-4ac2-a021-5aaf9adc23b2,,tag,https://abdlhub.com/?v=3986236d-3985-4ac2-a021-5aaf9adc23b2,https://vz-e81debcf-c73.b-cdn.net/3986236d-3985-4ac2-a021-5aaf9adc23b2/thumbnail.jpg?width=480,https://vz-e81debcf-c73.b-cdn.net/3986236d-3985-4ac2-a021-5aaf9adc23b2/playlist.m3u8,,,,,,,diaper; Sophie Little,,,,,,False,200,404,image/jpeg,text/html
3a6383c9-ea3e-4fc7-b275-519af1e0a70d,,tag,https://abdlhub.com/?v=3a6383c9-ea3e-4fc7-b275-519af1e0a70d,https://vz-e81debcf-c73.b-cdn.net/3a6383c9-ea3e-4fc7-b275-519af1e0a70d/thumbnail.jpg?width=480,https://vz-e81debcf-c73.b-cdn.net/3a6383c9-ea3e-4fc7-b275-519af1e0a70d/playlist.m3u8,,,,,,,pov; Sophie Little,,,,,,False,200,404,image/jpeg,text/html
3a84815a-ee11-4d3a-9954-d9b3ad921ff7,,tag,https://abdlhub.com/?v=3a84815a-ee11-4d3a-9954-d9b3ad921ff7,https://vz-e81debcf-c73.b-cdn.net/3a84815a-ee11-4d3a-9954-d9b3ad921ff7/thumbnail.jpg?width=480,https://vz-e81debcf-c73.b-cdn.net/3a84815a-ee11-4d3a-9954-d9b3ad921ff7/playlist.m3u8,,,,,,,diaper; nursery; Sophie Little,,,,,,False,200,404,image/jpeg,text/html
3aa6a539-8e2a-4bde-a25e-4c3b54300d71,,tag,https://abdlhub.com/?v=3aa6a539-8e2a-4bde-a25e-4c3b54300d71,https://vz-e81debcf-c73.b-cdn.net/3aa6a539-8e2a-4bde-a25e-4c3b54300d71/thumbnail.jpg?width=480,https://vz-e81debcf-c73.b-cdn.net/3aa6a539-8e2a-4bde-a25e-4c3b54300d71/playlist.m3u8,,,,,,,diaper; mess; Sophie Little,,,,,,False,200,404,image/jpeg,text/html
3b6b6a79-0454-4db9-8205-ed19773343cc,,tag,https://abdlhub.com/?v=3b6b6a79-0454-4db9-8205-ed19773343cc,https://vz-e81debcf-c73.b-cdn.net/3b6b6a79-0454-4db9-8205-ed19773343cc/thumbnail.jpg?width=480,https://vz-e81debcf-c73.b-cdn.net/3b6b6a79-0454-4db9-8205-ed19773343cc/playlist.m3u8,,,,,,,mess; Sophie Little,,,,,,False,200,404,image/jpeg,text/html
3bd4a035-0736-4141-a366-44a32cd41c5a,,tag,https://abdlhub.com/?v=3bd4a035-0736-4141-a366-44a32cd41c5a,https://vz-e81debcf-c73.b-cdn.net/3bd4a035-0736-4141-a366-44a32cd41c5a/thumbnail.jpg?width=480,https://vz-e81debcf-c73.b-cdn.net/3bd4a035-0736-4141-a366-44a32cd41c5a/playlist.m3u8,,,,,,,vlog; Sophie Little,,,,,,False,200,404,image/jpeg,text/html
3be03b9a-2da6-4b66-9fad-f7212ec6b7ff,,tag,https://abdlhub.com/?v=3be03b9a-2da6-4b66-9fad-f7212ec6b7ff,https://vz-e81debcf-c73.b-cdn.net/3be03b9a-2da6-4b66-9fad-f7212ec6b7ff/thumbnail.jpg?width=480,https://vz-e81debcf-c73.b-cdn.net/3be03b9a-2da6-4b66-9fad-f7212ec6b7ff/playlist.m3u8,,,,,,,Sophie Little,,,,,,False,200,404,image/jpeg,text/html
3c426b68-3ce7-408f-bdf9-296322b66a09,,tag,https://abdlhub.com/?v=3c426b68-3ce7-408f-bdf9-296322b66a09,https://vz-e81debcf-c73.b-cdn.net/3c426b68-3ce7-408f-bdf9-296322b66a09/thumbnail.jpg?width=480,https://vz-e81debcf-c73.b-cdn.net/3c426b68-3ce7-408f-bdf9-296322b66a09/playlist.m3u8,,,,,,,diaper; Sophie Little,,,,,,False,200,404,image/jpeg,text/html
3c850140-b5c1-4d6a-bfc3-5deb1cb46cf9,,tag,https://abdlhub.com/?v=3c850140-b5c1-4d6a-bfc3-5deb1cb46cf9,https://vz-e81debcf-c73.b-cdn.net/3c850140-b5c1-4d6a-bfc3-5deb1cb46cf9/thumbnail.jpg?width=480,https://vz-e81debcf-c73.b-cdn.net/3c850140-b5c1-4d6a-bfc3-5deb1cb46cf9/playlist.m3u8,,,,,,,Sophie Little,,,,,,False,200,404,image/jpeg,text/html
3c8cb547-e611-4387-8894-5bf0ff6472f5,,tag,https://abdlhub.com/?v=3c8cb547-e611-4387-8894-5bf0ff6472f5,https://vz-e81debcf-c73.b-cdn.net/3c8cb547-e611-4387-8894-5bf0ff6472f5/thumbnail.jpg?width=480,https://vz-e81debcf-c73.b-cdn.net/3c8cb547-e611-4387-8894-5bf0ff6472f5/playlist.m3u8,,,,,,,Sophie Little,,,,,,False,200,404,image/jpeg,text/html
3d37eb9a-6562-4eae-8e03-3d139c0cadb2,,tag,https://abdlhub.com/?v=3d37eb9a-6562-4eae-8e03-3d139c0cadb2,https://vz-e81debcf-c73.b-cdn.net/3d37eb9a-6562-4eae-8e03-3d139c0cadb2/thumbnail.jpg?width=480,https://vz-e81debcf-c73.b-cdn.net/3d37eb9a-6562-4eae-8e03-3d139c0cadb2/playlist.m3u8,,,,,,,Sophie Little,,,,,,False,200,404,image/jpeg,text/html
40011114-526c-4e1c-b476-759abe96cbf8,,tag,https://abdlhub.com/?v=40011114-526c-4e1c-b476-759abe96cbf8,https://vz-e81debcf-c73.b-cdn.net/40011114-526c-4e1c-b476-759abe96cbf8/thumbnail.jpg?width=480,https://vz-e81debcf-c73.b-cdn.net/40011114-526c-4e1c-b476-759abe96cbf8/playlist.m3u8,,,,,,,Sophie Little,,,,,,False,200,404,image/jpeg,text/html
403a2d73-f2be-45a0-941a-6c7d6f0dd6ba,,tag,https://abdlhub.com/?v=403a2d73-f2be-45a0-941a-6c7d6f0dd6ba,https://vz-e81debcf-c73.b-cdn.net/403a2d73-f2be-45a0-941a-6c7d6f0dd6ba/thumbnail.jpg?width=480,https://vz-e81debcf-c73.b-cdn.net/403a2d73-f2be-45a0-941a-6c7d6f0dd6ba/playlist.m3u8,,,,,,,diaper; Sophie Little,,,,,,False,200,404,image/jpeg,text/html
40cc3c5e-e596-49b2-8d71-9c57aba45e7d,,tag,https://abdlhub.com/?v=40cc3c5e-e596-49b2-8d71-9c57aba45e7d,https://vz-e81debcf-c73.b-cdn.net/40cc3c5e-e596-49b2-8d71-9c57aba45e7d/thumbnail.jpg?width=480,https://vz-e81debcf-c73.b-cdn.net/40cc3c5e-e596-49b2-8d71-9c57aba45e7d/playlist.m3u8,,,,,,,Sophie Little,,,,,,False,200,404,image/jpeg,text/html
413a097e-505b-46ac-9329-9ab14cda758c,,tag,https://abdlhub.com/?v=413a097e-505b-46ac-9329-9ab14cda758c,https://vz-e81debcf-c73.b-cdn.net/413a097e-505b-46ac-9329-9ab14cda758c/thumbnail.jpg?width=480,https://vz-e81debcf-c73.b-cdn.net/413a097e-505b-46ac-9329-9ab14cda758c/playlist.m3u8,,,,,,,diaper; nursery; vlog; Sophie Little,,,,,,False,200,404,image/jpeg,text/html
41c52868-ff30-473f-bf91-98ce2c339da3,,tag,https://abdlhub.com/?v=41c52868-ff30-473f-bf91-98ce2c339da3,https://vz-e81debcf-c73.b-cdn.net/41c52868-ff30-473f-bf91-98ce2c339da3/thumbnail.jpg?width=480,https://vz-e81debcf-c73.b-cdn.net/41c52868-ff30-473f-bf91-98ce2c339da3/playlist.m3u8,,,,,,,Sophie Little,,,,,,False,200,404,image/jpeg,text/html
4232597c-5299-4ab9-9995-4917d4ba7176,,tag,https://abdlhub.com/?v=4232597c-5299-4ab9-9995-4917d4ba7176,https://vz-e81debcf-c73.b-cdn.net/4232597c-5299-4ab9-9995-4917d4ba7176/thumbnail.jpg?width=480,https://vz-e81debcf-c73.b-cdn.net/4232597c-5299-4ab9-9995-4917d4ba7176/playlist.m3u8,,,,,,,diaper; pov; Sophie Little,,,,,,False,200,404,image/jpeg,text/html
425b7d16-b744-496d-862f-f1f8e4e76b96,,tag,https://abdlhub.com/?v=425b7d16-b744-496d-862f-f1f8e4e76b96,https://vz-e81debcf-c73.b-cdn.net/425b7d16-b744-496d-862f-f1f8e4e76b96/thumbnail.jpg?width=480,https://vz-e81debcf-c73.b-cdn.net/425b7d16-b744-496d-862f-f1f8e4e76b96/playlist.m3u8,,,,,,,diaper; changing; vlog; Sophie Little,,,,,,False,200,404,image/jpeg,text/html
428a3695-55f3-42b1-b1da-4585e71dde14,,tag,https://abdlhub.com/?v=428a3695-55f3-42b1-b1da-4585e71dde14,https://vz-e81debcf-c73.b-cdn.net/428a3695-55f3-42b1-b1da-4585e71dde14/thumbnail.jpg?width=480,https://vz-e81debcf-c73.b-cdn.net/428a3695-55f3-42b1-b1da-4585e71dde14/playlist.m3u8,,,,,,,diaper; pov; Sophie Little,,,,,,False,200,404,image/jpeg,text/html
42a21c38-1b53-4c41-bd10-97deb566d4c1,,tag,https://abdlhub.com/?v=42a21c38-1b53-4c41-bd10-97deb566d4c1,https://vz-e81debcf-c73.b-cdn.net/42a21c38-1b53-4c41-bd10-97deb566d4c1/thumbnail.jpg?width=480,https://vz-e81debcf-c73.b-cdn.net/42a21c38-1b53-4c41-bd10-97deb566d4c1/playlist.m3u8,,,,,,,pov; Sophie Little,,,,,,False,200,404,image/jpeg,text/html
42eea7e6-6c10-4652-ab3c-317cf08598e0,,tag,https://abdlhub.com/?v=42eea7e6-6c10-4652-ab3c-317cf08598e0,https://vz-e81debcf-c73.b-cdn.net/42eea7e6-6c10-4652-ab3c-317cf08598e0/thumbnail.jpg?width=480,https://vz-e81debcf-c73.b-cdn.net/42eea7e6-6c10-4652-ab3c-317cf08598e0/playlist.m3u8,,,,,,,diaper; Sophie Little,,,,,,False,200,404,image/jpeg,text/html
436f2976-afe0-48c3-a7ec-7598f1107d1a,,tag,https://abdlhub.com/?v=436f2976-afe0-48c3-a7ec-7598f1107d1a,https://vz-e81debcf-c73.b-cdn.net/436f2976-afe0-48c3-a7ec-7598f1107d1a/thumbnail.jpg?width=480,https://vz-e81debcf-c73.b-cdn.net/436f2976-afe0-48c3-a7ec-7598f1107d1a/playlist.m3u8,,,,,,,nursery; mess; Sophie Little,,,,,,False,200,404,image/jpeg,text/html
440eb37c-b1fe-4232-982a-bbb79ec1b6c0,,tag,https://abdlhub.com/?v=440eb37c-b1fe-4232-982a-bbb79ec1b6c0,https://vz-e81debcf-c73.b-cdn.net/440eb37c-b1fe-4232-982a-bbb79ec1b6c0/thumbnail.jpg?width=480,https://vz-e81debcf-c73.b-cdn.net/440eb37c-b1fe-4232-982a-bbb79ec1b6c0/playlist.m3u8,,,,,,,diaper; Sophie Little,,,,,,False,200,404,image/jpeg,text/html
44d34f54-7638-4080-ba2a-0ca5ed21830e,,tag,https://abdlhub.com/?v=44d34f54-7638-4080-ba2a-0ca5ed21830e,https://vz-e81debcf-c73.b-cdn.net/44d34f54-7638-4080-ba2a-0ca5ed21830e/thumbnail.jpg?width=480,https://vz-e81debcf-c73.b-cdn.net/44d34f54-7638-4080-ba2a-0ca5ed21830e/playlist.m3u8,,,,,,,Sophie Little,,,,,,False,200,404,image/jpeg,text/html
44f68403-2162-408d-b358-494332e47cc0,,tag,https://abdlhub.com/?v=44f68403-2162-408d-b358-494332e47cc0,https://vz-e81debcf-c73.b-cdn.net/44f68403-2162-408d-b358-494332e47cc0/thumbnail.jpg?width=480,https://vz-e81debcf-c73.b-cdn.net/44f68403-2162-408d-b358-494332e47cc0/playlist.m3u8,,,,,,,Sophie Little,,,,,,False,200,404,image/jpeg,text/html
451eb007-458e-4780-8f1b-e5913fd16431,,tag,https://abdlhub.com/?v=451eb007-458e-4780-8f1b-e5913fd16431,https://vz-e81debcf-c73.b-cdn.net/451eb007-458e-4780-8f1b-e5913fd16431/thumbnail.jpg?width=480,https://vz-e81debcf-c73.b-cdn.net/451eb007-458e-4780-8f1b-e5913fd16431/playlist.m3u8,,,,,,,Sophie Little,,,,,,False,200,404,image/jpeg,text/html
4532ea57-7143-4860-ba83-16b06d494d7f,,tag,https://abdlhub.com/?v=4532ea57-7143-4860-ba83-16b06d494d7f,https://vz-e81debcf-c73.b-cdn.net/4532ea57-7143-4860-ba83-16b06d494d7f/thumbnail.jpg?width=480,https://vz-e81debcf-c73.b-cdn.net/4532ea57-7143-4860-ba83-16b06d494d7f/playlist.m3u8,,,,,,,Sophie Little,,,,,,False,200,404,image/jpeg,text/html
45b381a6-aa67-4510-92a9-96efb77e0656,,tag,https://abdlhub.com/?v=45b381a6-aa67-4510-92a9-96efb77e0656,https://vz-e81debcf-c73.b-cdn.net/45b381a6-aa67-4510-92a9-96efb77e0656/thumbnail.jpg?width=480,https://vz-e81debcf-c73.b-cdn.net/45b381a6-aa67-4510-92a9-96efb77e0656/playlist.m3u8,,,,,,,pacifier; Sophie Little,,,,,,False,200,404,image/jpeg,text/html
45e1daa1-84c7-4379-837c-ae928948e913,,tag,https://abdlhub.com/?v=45e1daa1-84c7-4379-837c-ae928948e913,https://vz-e81debcf-c73.b-cdn.net/45e1daa1-84c7-4379-837c-ae928948e913/thumbnail.jpg?width=480,https://vz-e81debcf-c73.b-cdn.net/45e1daa1-84c7-4379-837c-ae928948e913/playlist.m3u8,,,,,,,diaper; onesie; Sophie Little,,,,,,False,200,404,image/jpeg,text/html
46129b7a-36c9-4a92-8ae9-194f7692205f,,tag,https://abdlhub.com/?v=46129b7a-36c9-4a92-8ae9-194f7692205f,https://vz-e81debcf-c73.b-cdn.net/46129b7a-36c9-4a92-8ae9-194f7692205f/thumbnail.jpg?width=480,https://vz-e81debcf-c73.b-cdn.net/46129b7a-36c9-4a92-8ae9-194f7692205f/playlist.m3u8,,,,,,,diaper; Sophie Little,,,,,,False,200,404,image/jpeg,text/html
46d47a2e-5cb2-43ed-a072-aa5435f8d47f,,tag,https://abdlhub.com/?v=46d47a2e-5cb2-43ed-a072-aa5435f8d47f,https://vz-e81debcf-c73.b-cdn.net/46d47a2e-5cb2-43ed-a072-aa5435f8d47f/thumbnail.jpg?width=480,https://vz-e81debcf-c73.b-cdn.net/46d47a2e-5cb2-43ed-a072-aa5435f8d47f/playlist.m3u8,,,,,,,diaper; nursery; crib; changing; Sophie Little,,,,,,False,200,404,image/jpeg,text/html
471ff832-c47d-4428-9ff2-cdd9b902ccd0,,tag,https://abdlhub.com/?v=471ff832-c47d-4428-9ff2-cdd9b902ccd0,https://vz-e81debcf-c73.b-cdn.net/471ff832-c47d-4428-9ff2-cdd9b902ccd0/thumbnail.jpg?width=480,https://vz-e81debcf-c73.b-cdn.net/471ff832-c47d-4428-9ff2-cdd9b902ccd0/playlist.m3u8,,,,,,,Sophie Little,,,,,,False,200,404,image/jpeg,text/html
4725332d-d0d3-4ec3-a91e-d063356573c5,,tag,https://abdlhub.com/?v=4725332d-d0d3-4ec3-a91e-d063356573c5,https://vz-e81debcf-c73.b-cdn.net/4725332d-d0d3-4ec3-a91e-d063356573c5/thumbnail.jpg?width=480,https://vz-e81debcf-c73.b-cdn.net/4725332d-d0d3-4ec3-a91e-d063356573c5/playlist.m3u8,,,,,,,diaper; Sophie Little,,,,,,False,200,404,image/jpeg,text/html
47ac9192-770a-4d8b-87c4-53c76e39b497,,tag,https://abdlhub.com/?v=47ac9192-770a-4d8b-87c4-53c76e39b497,https://vz-e81debcf-c73.b-cdn.net/47ac9192-770a-4d8b-87c4-53c76e39b497/thumbnail.jpg?width=480,https://vz-e81debcf-c73.b-cdn.net/47ac9192-770a-4d8b-87c4-53c76e39b497/playlist.m3u8,,,,,,,vlog; Sophie Little,,,,,,False,200,404,image/jpeg,text/html
489fe432-712f-4582-bb3a-e1e19140a402,,tag,https://abdlhub.com/?v=489fe432-712f-4582-bb3a-e1e19140a402,https://vz-e81debcf-c73.b-cdn.net/489fe432-712f-4582-bb3a-e1e19140a402/thumbnail.jpg?width=480,https://vz-e81debcf-c73.b-cdn.net/489fe432-712f-4582-bb3a-e1e19140a402/playlist.m3u8,,,,,,,diaper; vlog; Sophie Little,,,,,,False,200,404,image/jpeg,text/html
48b9db32-e7a2-4980-96f7-b2157d813955,,tag,https://abdlhub.com/?v=48b9db32-e7a2-4980-96f7-b2157d813955,https://vz-e81debcf-c73.b-cdn.net/48b9db32-e7a2-4980-96f7-b2157d813955/thumbnail.jpg?width=480,https://vz-e81debcf-c73.b-cdn.net/48b9db32-e7a2-4980-96f7-b2157d813955/playlist.m3u8,,,,,,,diaper; changing; pov; Sophie Little,,,,,,False,200,404,image/jpeg,text/html
490bed26-3ddb-4205-9408-7609e1c3a34c,,tag,https://abdlhub.com/?v=490bed26-3ddb-4205-9408-7609e1c3a34c,https://vz-e81debcf-c73.b-cdn.net/490bed26-3ddb-4205-9408-7609e1c3a34c/thumbnail.jpg?width=480,https://vz-e81debcf-c73.b-cdn.net/490bed26-3ddb-4205-9408-7609e1c3a34c/playlist.m3u8,,,,,,,diaper; Sophie Little,,,,,,False,200,404,image/jpeg,text/html
4920f3a0-1e60-4c76-91c3-11528546475a,,tag,https://abdlhub.com/?v=4920f3a0-1e60-4c76-91c3-11528546475a,https://vz-e81debcf-c73.b-cdn.net/4920f3a0-1e60-4c76-91c3-11528546475a/thumbnail.jpg?width=480,https://vz-e81debcf-c73.b-cdn.net/4920f3a0-1e60-4c76-91c3-11528546475a/playlist.m3u8,,,,,,,Sophie Little,,,,,,False,200,404,image/jpeg,text/html
493b3ca2-f049-4b82-acce-4bba5374a7a7,,tag,https://abdlhub.com/?v=493b3ca2-f049-4b82-acce-4bba5374a7a7,https://vz-e81debcf-c73.b-cdn.net/493b3ca2-f049-4b82-acce-4bba5374a7a7/thumbnail.jpg?width=480,https://vz-e81debcf-c73.b-cdn.net/493b3ca2-f049-4b82-acce-4bba5374a7a7/playlist.m3u8,,,,,,,Sophie Little,,,,,,False,200,404,image/jpeg,text/html
49f89565-aa2f-4cdc-9285-80dfc6c90415,,tag,https://abdlhub.com/?v=49f89565-aa2f-4cdc-9285-80dfc6c90415,https://vz-e81debcf-c73.b-cdn.net/49f89565-aa2f-4cdc-9285-80dfc6c90415/thumbnail.jpg?width=480,https://vz-e81debcf-c73.b-cdn.net/49f89565-aa2f-4cdc-9285-80dfc6c90415/playlist.m3u8,,,,,,,diaper; pov; Sophie Little,,,,,,False,200,404,image/jpeg,text/html
4a7c11ab-620e-45f1-9223-702371584709,,tag,https://abdlhub.com/?v=4a7c11ab-620e-45f1-9223-702371584709,https://vz-e81debcf-c73.b-cdn.net/4a7c11ab-620e-45f1-9223-702371584709/thumbnail.jpg?width=480,https://vz-e81debcf-c73.b-cdn.net/4a7c11ab-620e-45f1-9223-702371584709/playlist.m3u8,,,,,,,diaper; vlog; Sophie Little,,,,,,False,200,404,image/jpeg,text/html
4aaff93d-a617-46f1-91a2-bf02e154f731,,tag,https://abdlhub.com/?v=4aaff93d-a617-46f1-91a2-bf02e154f731,https://vz-e81debcf-c73.b-cdn.net/4aaff93d-a617-46f1-91a2-bf02e154f731/thumbnail.jpg?width=480,https://vz-e81debcf-c73.b-cdn.net/4aaff93d-a617-46f1-91a2-bf02e154f731/playlist.m3u8,,,,,,,diaper; vlog; Sophie Little,,,,,,False,200,404,image/jpeg,text/html
4ab623d7-d44b-4662-aa97-37a93dc75eff,,tag,https://abdlhub.com/?v=4ab623d7-d44b-4662-aa97-37a93dc75eff,https://vz-e81debcf-c73.b-cdn.net/4ab623d7-d44b-4662-aa97-37a93dc75eff/thumbnail.jpg?width=480,https://vz-e81debcf-c73.b-cdn.net/4ab623d7-d44b-4662-aa97-37a93dc75eff/playlist.m3u8,,,,,,,changing; Sophie Little,,,,,,False,200,404,image/jpeg,text/html
4b837ec7-9be9-4403-b525-5f656c743341,,tag,https://abdlhub.com/?v=4b837ec7-9be9-4403-b525-5f656c743341,https://vz-e81debcf-c73.b-cdn.net/4b837ec7-9be9-4403-b525-5f656c743341/thumbnail.jpg?width=480,https://vz-e81debcf-c73.b-cdn.net/4b837ec7-9be9-4403-b525-5f656c743341/playlist.m3u8,,,,,,,diaper; Sophie Little,,,,,,False,200,404,image/jpeg,text/html
4badd9e9-c972-4e8c-9695-b912ca27985d,,tag,https://abdlhub.com/?v=4badd9e9-c972-4e8c-9695-b912ca27985d,https://vz-e81debcf-c73.b-cdn.net/4badd9e9-c972-4e8c-9695-b912ca27985d/thumbnail.jpg?width=480,https://vz-e81debcf-c73.b-cdn.net/4badd9e9-c972-4e8c-9695-b912ca27985d/playlist.m3u8,,,,,,,diaper; Sophie Little,,,,,,False,200,404,image/jpeg,text/html
4c524c89-95c3-466c-8267-5f60fd300085,,tag,https://abdlhub.com/?v=4c524c89-95c3-466c-8267-5f60fd300085,https://vz-e81debcf-c73.b-cdn.net/4c524c89-95c3-466c-8267-5f60fd300085/thumbnail.jpg?width=480,https://vz-e81debcf-c73.b-cdn.net/4c524c89-95c3-466c-8267-5f60fd300085/playlist.m3u8,,,,,,,diaper; Sophie Little,,,,,,False,200,404,image/jpeg,text/html
4d2336c0-39cf-40d1-b88c-12559329a27e,,tag,https://abdlhub.com/?v=4d2336c0-39cf-40d1-b88c-12559329a27e,https://vz-e81debcf-c73.b-cdn.net/4d2336c0-39cf-40d1-b88c-12559329a27e/thumbnail.jpg?width=480,https://vz-e81debcf-c73.b-cdn.net/4d2336c0-39cf-40d1-b88c-12559329a27e/playlist.m3u8,,,,,,,pov; Sophie Little,,,,,,False,200,404,image/jpeg,text/html
4d6443dc-4f3b-4bac-b7f1-faeb6e13c4bb,,tag,https://abdlhub.com/?v=4d6443dc-4f3b-4bac-b7f1-faeb6e13c4bb,https://vz-e81debcf-c73.b-cdn.net/4d6443dc-4f3b-4bac-b7f1-faeb6e13c4bb/thumbnail.jpg?width=480,https://vz-e81debcf-c73.b-cdn.net/4d6443dc-4f3b-4bac-b7f1-faeb6e13c4bb/playlist.m3u8,,,,,,,vlog; Sophie Little,,,,,,False,200,404,image/jpeg,text/html
4e086936-cc87-4523-880a-0902d7560968,,tag,https://abdlhub.com/?v=4e086936-cc87-4523-880a-0902d7560968,https://vz-e81debcf-c73.b-cdn.net/4e086936-cc87-4523-880a-0902d7560968/thumbnail.jpg?width=480,https://vz-e81debcf-c73.b-cdn.net/4e086936-cc87-4523-880a-0902d7560968/playlist.m3u8,,,,,,,diaper; pov; Sophie Little,,,,,,False,200,404,image/jpeg,text/html
4e8c0b19-2554-4df3-bcd3-7b535c61105b,,tag,https://abdlhub.com/?v=4e8c0b19-2554-4df3-bcd3-7b535c61105b,https://vz-e81debcf-c73.b-cdn.net/4e8c0b19-2554-4df3-bcd3-7b535c61105b/thumbnail.jpg?width=480,https://vz-e81debcf-c73.b-cdn.net/4e8c0b19-2554-4df3-bcd3-7b535c61105b/playlist.m3u8,,,,,,,vlog; Sophie Little,,,,,,False,200,404,image/jpeg,text/html
4eecddcd-a9b7-4a89-b03e-f2ebb64b6d1e,,tag,https://abdlhub.com/?v=4eecddcd-a9b7-4a89-b03e-f2ebb64b6d1e,https://vz-e81debcf-c73.b-cdn.net/4eecddcd-a9b7-4a89-b03e-f2ebb64b6d1e/thumbnail.jpg?width=480,https://vz-e81debcf-c73.b-cdn.net/4eecddcd-a9b7-4a89-b03e-f2ebb64b6d1e/playlist.m3u8,,,,,,,diaper; pov; Sophie Little,,,,,,False,200,404,image/jpeg,text/html
50096649-f3e5-4fed-8ae4-77ac666f4c95,,tag,https://abdlhub.com/?v=50096649-f3e5-4fed-8ae4-77ac666f4c95,https://vz-e81debcf-c73.b-cdn.net/50096649-f3e5-4fed-8ae4-77ac666f4c95/thumbnail.jpg?width=480,https://vz-e81debcf-c73.b-cdn.net/50096649-f3e5-4fed-8ae4-77ac666f4c95/playlist.m3u8,,,,,,,diaper; vlog; Sophie Little,,,,,,False,200,404,image/jpeg,text/html
50554294-c1b6-4403-b273-101d8becdbb1,,tag,https://abdlhub.com/?v=50554294-c1b6-4403-b273-101d8becdbb1,https://vz-e81debcf-c73.b-cdn.net/50554294-c1b6-4403-b273-101d8becdbb1/thumbnail.jpg?width=480,https://vz-e81debcf-c73.b-cdn.net/50554294-c1b6-4403-b273-101d8becdbb1/playlist.m3u8,,,,,,,Sophie Little,,,,,,False,200,404,image/jpeg,text/html
515087a5-70a3-460a-ab93-83e0d01d5ca8,,tag,https://abdlhub.com/?v=515087a5-70a3-460a-ab93-83e0d01d5ca8,https://vz-e81debcf-c73.b-cdn.net/515087a5-70a3-460a-ab93-83e0d01d5ca8/thumbnail.jpg?width=480,https://vz-e81debcf-c73.b-cdn.net/515087a5-70a3-460a-ab93-83e0d01d5ca8/playlist.m3u8,,,,,,,diaper; nursery; pov; Sophie Little,,,,,,False,200,404,image/jpeg,text/html
51a2cf99-e1ee-4529-ba3b-48ca7e80caea,,tag,https://abdlhub.com/?v=51a2cf99-e1ee-4529-ba3b-48ca7e80caea,https://vz-e81debcf-c73.b-cdn.net/51a2cf99-e1ee-4529-ba3b-48ca7e80caea/thumbnail.jpg?width=480,https://vz-e81debcf-c73.b-cdn.net/51a2cf99-e1ee-4529-ba3b-48ca7e80caea/playlist.m3u8,,,,,,,pov; Sophie Little,,,,,,False,200,404,image/jpeg,text/html
520c305a-7f1b-49ee-96db-9bbfeb58824e,,tag,https://abdlhub.com/?v=520c305a-7f1b-49ee-96db-9bbfeb58824e,https://vz-e81debcf-c73.b-cdn.net/520c305a-7f1b-49ee-96db-9bbfeb58824e/thumbnail.jpg?width=480,https://vz-e81debcf-c73.b-cdn.net/520c305a-7f1b-49ee-96db-9bbfeb58824e/playlist.m3u8,,,,,,,diaper; changing; Sophie Little,,,,,,False,200,404,image/jpeg,text/html
52435dcd-a25d-4209-a353-668833d1aea9,,tag,https://abdlhub.com/?v=52435dcd-a25d-4209-a353-668833d1aea9,https://vz-e81debcf-c73.b-cdn.net/52435dcd-a25d-4209-a353-668833d1aea9/thumbnail.jpg?width=480,https://vz-e81debcf-c73.b-cdn.net/52435dcd-a25d-4209-a353-668833d1aea9/playlist.m3u8,,,,,,,Sophie Little,,,,,,False,200,404,image/jpeg,text/html
52cf60f0-6577-4f34-be3e-6643f6b08a12,,tag,https://abdlhub.com/?v=52cf60f0-6577-4f34-be3e-6643f6b08a12,https://vz-e81debcf-c73.b-cdn.net/52cf60f0-6577-4f34-be3e-6643f6b08a12/thumbnail.jpg?width=480,https://vz-e81debcf-c73.b-cdn.net/52cf60f0-6577-4f34-be3e-6643f6b08a12/playlist.m3u8,,,,,,,diaper; vlog; Sophie Little,,,,,,False,200,404,image/jpeg,text/html
52f04f79-51f0-4c7e-bb12-88149cd83753,,tag,https://abdlhub.com/?v=52f04f79-51f0-4c7e-bb12-88149cd83753,https://vz-e81debcf-c73.b-cdn.net/52f04f79-51f0-4c7e-bb12-88149cd83753/thumbnail.jpg?width=480,https://vz-e81debcf-c73.b-cdn.net/52f04f79-51f0-4c7e-bb12-88149cd83753/playlist.m3u8,,,,,,,vlog; Sophie Little,,,,,,False,200,404,image/jpeg,text/html
533d09fc-505c-4d1e-8f25-050482c8f1a2,,tag,https://abdlhub.com/?v=533d09fc-505c-4d1e-8f25-050482c8f1a2,https://vz-e81debcf-c73.b-cdn.net/533d09fc-505c-4d1e-8f25-050482c8f1a2/thumbnail.jpg?width=480,https://vz-e81debcf-c73.b-cdn.net/533d09fc-505c-4d1e-8f25-050482c8f1a2/playlist.m3u8,,,,,,,vlog; Sophie Little,,,,,,False,200,404,image/jpeg,text/html
5405efcb-5d99-448a-ab0e-831858556927,,tag,https://abdlhub.com/?v=5405efcb-5d99-448a-ab0e-831858556927,https://vz-e81debcf-c73.b-cdn.net/5405efcb-5d99-448a-ab0e-831858556927/thumbnail.jpg?width=480,https://vz-e81debcf-c73.b-cdn.net/5405efcb-5d99-448a-ab0e-831858556927/playlist.m3u8,,,,,,,vlog; Sophie Little,,,,,,False,200,404,image/jpeg,text/html
5412be8a-2049-4593-91a0-64f75d676db4,,tag,https://abdlhub.com/?v=5412be8a-2049-4593-91a0-64f75d676db4,https://vz-e81debcf-c73.b-cdn.net/5412be8a-2049-4593-91a0-64f75d676db4/thumbnail.jpg?width=480,https://vz-e81debcf-c73.b-cdn.net/5412be8a-2049-4593-91a0-64f75d676db4/playlist.m3u8,,,,,,,diaper; pov; Sophie Little,,,,,,False,200,404,image/jpeg,text/html
5430d012-4c51-4cc1-b0ad-0ee1f0d17f43,,tag,https://abdlhub.com/?v=5430d012-4c51-4cc1-b0ad-0ee1f0d17f43,https://vz-e81debcf-c73.b-cdn.net/5430d012-4c51-4cc1-b0ad-0ee1f0d17f43/thumbnail.jpg?width=480,https://vz-e81debcf-c73.b-cdn.net/5430d012-4c51-4cc1-b0ad-0ee1f0d17f43/playlist.m3u8,,,,,,,Sophie Little,,,,,,False,200,404,image/jpeg,text/html
544c5a44-0b1f-4988-af6c-e7edf64b308c,,tag,https://abdlhub.com/?v=544c5a44-0b1f-4988-af6c-e7edf64b308c,https://vz-e81debcf-c73.b-cdn.net/544c5a44-0b1f-4988-af6c-e7edf64b308c/thumbnail.jpg?width=480,https://vz-e81debcf-c73.b-cdn.net/544c5a44-0b1f-4988-af6c-e7edf64b308c/playlist.m3u8,,,,,,,vlog; Sophie Little,,,,,,False,200,404,image/jpeg,text/html
557b597f-954d-4971-ad93-ce6aca805574,,tag,https://abdlhub.com/?v=557b597f-954d-4971-ad93-ce6aca805574,https://vz-e81debcf-c73.b-cdn.net/557b597f-954d-4971-ad93-ce6aca805574/thumbnail.jpg?width=480,https://vz-e81debcf-c73.b-cdn.net/557b597f-954d-4971-ad93-ce6aca805574/playlist.m3u8,,,,,,,Sophie Little,,,,,,False,200,404,image/jpeg,text/html
5631eaf3-2e25-487a-a6b3-03aeee51f375,,tag,https://abdlhub.com/?v=5631eaf3-2e25-487a-a6b3-03aeee51f375,https://vz-e81debcf-c73.b-cdn.net/5631eaf3-2e25-487a-a6b3-03aeee51f375/thumbnail.jpg?width=480,https://vz-e81debcf-c73.b-cdn.net/5631eaf3-2e25-487a-a6b3-03aeee51f375/playlist.m3u8,,,,,,,diaper; pov; Sophie Little,,,,,,False,200,404,image/jpeg,text/html
56b22018-d424-425b-a5bf-c80ba30ad89c,,tag,https://abdlhub.com/?v=56b22018-d424-425b-a5bf-c80ba30ad89c,https://vz-e81debcf-c73.b-cdn.net/56b22018-d424-425b-a5bf-c80ba30ad89c/thumbnail.jpg?width=480,https://vz-e81debcf-c73.b-cdn.net/56b22018-d424-425b-a5bf-c80ba30ad89c/playlist.m3u8,,,,,,,diaper; vlog; Sophie Little,,,,,,False,200,404,image/jpeg,text/html
577e5d3e-da89-471c-96ef-c95bb844ffe0,,tag,https://abdlhub.com/?v=577e5d3e-da89-471c-96ef-c95bb844ffe0,https://vz-e81debcf-c73.b-cdn.net/577e5d3e-da89-471c-96ef-c95bb844ffe0/thumbnail.jpg?width=480,https://vz-e81debcf-c73.b-cdn.net/577e5d3e-da89-471c-96ef-c95bb844ffe0/playlist.m3u8,,,,,,,Sophie Little,,,,,,False,200,404,image/jpeg,text/html
57e77963-3412-4636-b2d0-10eabff505f9,,tag,https://abdlhub.com/?v=57e77963-3412-4636-b2d0-10eabff505f9,https://vz-e81debcf-c73.b-cdn.net/57e77963-3412-4636-b2d0-10eabff505f9/thumbnail.jpg?width=480,https://vz-e81debcf-c73.b-cdn.net/57e77963-3412-4636-b2d0-10eabff505f9/playlist.m3u8,,,,,,,Sophie Little,,,,,,False,200,404,image/jpeg,text/html
589379d4-9ff6-45d8-9443-780fb52f0d01,,tag,https://abdlhub.com/?v=589379d4-9ff6-45d8-9443-780fb52f0d01,https://vz-e81debcf-c73.b-cdn.net/589379d4-9ff6-45d8-9443-780fb52f0d01/thumbnail.jpg?width=480,https://vz-e81debcf-c73.b-cdn.net/589379d4-9ff6-45d8-9443-780fb52f0d01/playlist.m3u8,,,,,,,pov; Sophie Little,,,,,,False,200,404,image/jpeg,text/html
58c0ccba-3a1a-4199-b440-449d81b95428,,tag,https://abdlhub.com/?v=58c0ccba-3a1a-4199-b440-449d81b95428,https://vz-e81debcf-c73.b-cdn.net/58c0ccba-3a1a-4199-b440-449d81b95428/thumbnail.jpg?width=480,https://vz-e81debcf-c73.b-cdn.net/58c0ccba-3a1a-4199-b440-449d81b95428/playlist.m3u8,,,,,,,crib; Sophie Little,,,,,,False,200,404,image/jpeg,text/html
5a1585be-2f48-4b2c-880b-6dad1cc37ff3,,tag,https://abdlhub.com/?v=5a1585be-2f48-4b2c-880b-6dad1cc37ff3,https://vz-e81debcf-c73.b-cdn.net/5a1585be-2f48-4b2c-880b-6dad1cc37ff3/thumbnail.jpg?width=480,https://vz-e81debcf-c73.b-cdn.net/5a1585be-2f48-4b2c-880b-6dad1cc37ff3/playlist.m3u8,,,,,,,vlog; Sophie Little,,,,,,False,200,404,image/jpeg,text/html
5a890daf-b690-44d4-81cc-2b93339a5468,,tag,https://abdlhub.com/?v=5a890daf-b690-44d4-81cc-2b93339a5468,https://vz-e81debcf-c73.b-cdn.net/5a890daf-b690-44d4-81cc-2b93339a5468/thumbnail.jpg?width=480,https://vz-e81debcf-c73.b-cdn.net/5a890daf-b690-44d4-81cc-2b93339a5468/playlist.m3u8,,,,,,,crib; Sophie Little,,,,,,False,200,404,image/jpeg,text/html
5addab90-3682-4d61-afd8-1191efb01565,,tag,https://abdlhub.com/?v=5addab90-3682-4d61-afd8-1191efb01565,https://vz-e81debcf-c73.b-cdn.net/5addab90-3682-4d61-afd8-1191efb01565/thumbnail.jpg?width=480,https://vz-e81debcf-c73.b-cdn.net/5addab90-3682-4d61-afd8-1191efb01565/playlist.m3u8,,,,,,,nursery; Sophie Little,,,,,,False,200,404,image/jpeg,text/html
5b844a76-e586-465f-840c-bc6885745fdf,,tag,https://abdlhub.com/?v=5b844a76-e586-465f-840c-bc6885745fdf,https://vz-e81debcf-c73.b-cdn.net/5b844a76-e586-465f-840c-bc6885745fdf/thumbnail.jpg?width=480,https://vz-e81debcf-c73.b-cdn.net/5b844a76-e586-465f-840c-bc6885745fdf/playlist.m3u8,,,,,,,diaper; Sophie Little,,,,,,False,200,404,image/jpeg,text/html
5b976113-b1a8-4179-bd8b-ff926f83e414,,tag,https://abdlhub.com/?v=5b976113-b1a8-4179-bd8b-ff926f83e414,https://vz-e81debcf-c73.b-cdn.net/5b976113-b1a8-4179-bd8b-ff926f83e414/thumbnail.jpg?width=480,https://vz-e81debcf-c73.b-cdn.net/5b976113-b1a8-4179-bd8b-ff926f83e414/playlist.m3u8,,,,,,,Sophie Little,,,,,,False,200,404,image/jpeg,text/html
5c359686-350c-4a3b-946d-52a08bed8c80,,tag,https://abdlhub.com/?v=5c359686-350c-4a3b-946d-52a08bed8c80,https://vz-e81debcf-c73.b-cdn.net/5c359686-350c-4a3b-946d-52a08bed8c80/thumbnail.jpg?width=480,https://vz-e81debcf-c73.b-cdn.net/5c359686-350c-4a3b-946d-52a08bed8c80/playlist.m3u8,,,,,,,crib; Sophie Little,,,,,,False,200,404,image/jpeg,text/html
5d264255-702a-4f75-9e47-157b35b2d189,,tag,https://abdlhub.com/?v=5d264255-702a-4f75-9e47-157b35b2d189,https://vz-e81debcf-c73.b-cdn.net/5d264255-702a-4f75-9e47-157b35b2d189/thumbnail.jpg?width=480,https://vz-e81debcf-c73.b-cdn.net/5d264255-702a-4f75-9e47-157b35b2d189/playlist.m3u8,,,,,,,Sophie Little,,,,,,False,200,404,image/jpeg,text/html
5d4f872c-e257-4323-8d00-c90aceca4526,,tag,https://abdlhub.com/?v=5d4f872c-e257-4323-8d00-c90aceca4526,https://vz-e81debcf-c73.b-cdn.net/5d4f872c-e257-4323-8d00-c90aceca4526/thumbnail.jpg?width=480,https://vz-e81debcf-c73.b-cdn.net/5d4f872c-e257-4323-8d00-c90aceca4526/playlist.m3u8,,,,,,,Sophie Little,,,,,,False,200,404,image/jpeg,text/html
5da5dfe1-c933-4da5-b151-45e28c7457b4,,tag,https://abdlhub.com/?v=5da5dfe1-c933-4da5-b151-45e28c7457b4,https://vz-e81debcf-c73.b-cdn.net/5da5dfe1-c933-4da5-b151-45e28c7457b4/thumbnail.jpg?width=480,https://vz-e81debcf-c73.b-cdn.net/5da5dfe1-c933-4da5-b151-45e28c7457b4/playlist.m3u8,,,,,,,diaper; mess; Sophie Little,,,,,,False,200,404,image/jpeg,text/html
5e0bd279-8187-410a-986e-42e2c1fcada7,,tag,https://abdlhub.com/?v=5e0bd279-8187-410a-986e-42e2c1fcada7,https://vz-e81debcf-c73.b-cdn.net/5e0bd279-8187-410a-986e-42e2c1fcada7/thumbnail.jpg?width=480,https://vz-e81debcf-c73.b-cdn.net/5e0bd279-8187-410a-986e-42e2c1fcada7/playlist.m3u8,,,,,,,diaper; changing; Sophie Little,,,,,,False,200,404,image/jpeg,text/html
5f1bc8f8-5557-4c58-97b5-a62e931845fd,,tag,https://abdlhub.com/?v=5f1bc8f8-5557-4c58-97b5-a62e931845fd,https://vz-e81debcf-c73.b-cdn.net/5f1bc8f8-5557-4c58-97b5-a62e931845fd/thumbnail.jpg?width=480,https://vz-e81debcf-c73.b-cdn.net/5f1bc8f8-5557-4c58-97b5-a62e931845fd/playlist.m3u8,,,,,,,diaper; vlog; Sophie Little,,,,,,False,200,404,image/jpeg,text/html
5f8e2ea3-c25d-4170-92c5-193e4769772e,,tag,https://abdlhub.com/?v=5f8e2ea3-c25d-4170-92c5-193e4769772e,https://vz-e81debcf-c73.b-cdn.net/5f8e2ea3-c25d-4170-92c5-193e4769772e/thumbnail.jpg?width=480,https://vz-e81debcf-c73.b-cdn.net/5f8e2ea3-c25d-4170-92c5-193e4769772e/playlist.m3u8,,,,,,,Sophie Little,,,,,,False,200,404,image/jpeg,text/html
6036119c-0034-4499-9883-136322bcd1da,,tag,https://abdlhub.com/?v=6036119c-0034-4499-9883-136322bcd1da,https://vz-e81debcf-c73.b-cdn.net/6036119c-0034-4499-9883-136322bcd1da/thumbnail.jpg?width=480,https://vz-e81debcf-c73.b-cdn.net/6036119c-0034-4499-9883-136322bcd1da/playlist.m3u8,,,,,,,Sophie Little,,,,,,False,200,404,image/jpeg,text/html
60495739-6be4-46d9-9e7b-9aadf640700e,,tag,https://abdlhub.com/?v=60495739-6be4-46d9-9e7b-9aadf640700e,https://vz-e81debcf-c73.b-cdn.net/60495739-6be4-46d9-9e7b-9aadf640700e/thumbnail.jpg?width=480,https://vz-e81debcf-c73.b-cdn.net/60495739-6be4-46d9-9e7b-9aadf640700e/playlist.m3u8,,,,,,,diaper; crib; vlog; Sophie Little,,,,,,False,200,404,image/jpeg,text/html
605e4c2b-1dda-4d8b-8787-459361b4b9cc,,tag,https://abdlhub.com/?v=605e4c2b-1dda-4d8b-8787-459361b4b9cc,https://vz-e81debcf-c73.b-cdn.net/605e4c2b-1dda-4d8b-8787-459361b4b9cc/thumbnail.jpg?width=480,https://vz-e81debcf-c73.b-cdn.net/605e4c2b-1dda-4d8b-8787-459361b4b9cc/playlist.m3u8,,,,,,,diaper; vlog; Sophie Little,,,,,,False,200,404,image/jpeg,text/html
6063126e-f1d8-4021-8571-f884a5df5417,,tag,https://abdlhub.com/?v=6063126e-f1d8-4021-8571-f884a5df5417,https://vz-e81debcf-c73.b-cdn.net/6063126e-f1d8-4021-8571-f884a5df5417/thumbnail.jpg?width=480,https://vz-e81debcf-c73.b-cdn.net/6063126e-f1d8-4021-8571-f884a5df5417/playlist.m3u8,,,,,,,vlog; Sophie Little,,,,,,False,200,404,image/jpeg,text/html
60ca1f3a-2cbc-4b25-b763-8d51ba13f12e,,tag,https://abdlhub.com/?v=60ca1f3a-2cbc-4b25-b763-8d51ba13f12e,https://vz-e81debcf-c73.b-cdn.net/60ca1f3a-2cbc-4b25-b763-8d51ba13f12e/thumbnail.jpg?width=480,https://vz-e81debcf-c73.b-cdn.net/60ca1f3a-2cbc-4b25-b763-8d51ba13f12e/playlist.m3u8,,,,,,,diaper; changing; Sophie Little,,,,,,False,200,404,image/jpeg,text/html
6126ef6a-2b38-4f72-829f-26a62bf0f330,,tag,https://abdlhub.com/?v=6126ef6a-2b38-4f72-829f-26a62bf0f330,https://vz-e81debcf-c73.b-cdn.net/6126ef6a-2b38-4f72-829f-26a62bf0f330/thumbnail.jpg?width=480,https://vz-e81debcf-c73.b-cdn.net/6126ef6a-2b38-4f72-829f-26a62bf0f330/playlist.m3u8,,,,,,,diaper; Sophie Little,,,,,,False,200,404,image/jpeg,text/html
614f5cae-6c05-40cf-aa54-8c050b515e49,,tag,https://abdlhub.com/?v=614f5cae-6c05-40cf-aa54-8c050b515e49,https://vz-e81debcf-c73.b-cdn.net/614f5cae-6c05-40cf-aa54-8c050b515e49/thumbnail.jpg?width=480,https://vz-e81debcf-c73.b-cdn.net/614f5cae-6c05-40cf-aa54-8c050b515e49/playlist.m3u8,,,,,,,Sophie Little,,,,,,False,200,404,image/jpeg,text/html
61dd0e13-c657-4c12-a190-12ba87285616,,tag,https://abdlhub.com/?v=61dd0e13-c657-4c12-a190-12ba87285616,https://vz-e81debcf-c73.b-cdn.net/61dd0e13-c657-4c12-a190-12ba87285616/thumbnail.jpg?width=480,https://vz-e81debcf-c73.b-cdn.net/61dd0e13-c657-4c12-a190-12ba87285616/playlist.m3u8,,,,,,,crib; Sophie Little,,,,,,False,200,404,image/jpeg,text/html
620847e7-8f78-4dd2-8c31-78d993a82d34,,tag,https://abdlhub.com/?v=620847e7-8f78-4dd2-8c31-78d993a82d34,https://vz-e81debcf-c73.b-cdn.net/620847e7-8f78-4dd2-8c31-78d993a82d34/thumbnail.jpg?width=480,https://vz-e81debcf-c73.b-cdn.net/620847e7-8f78-4dd2-8c31-78d993a82d34/playlist.m3u8,,,,,,,diaper; Sophie Little,,,,,,False,200,404,image/jpeg,text/html
6243fef9-bd55-47ea-b057-d10e7f5a903a,,tag,https://abdlhub.com/?v=6243fef9-bd55-47ea-b057-d10e7f5a903a,https://vz-e81debcf-c73.b-cdn.net/6243fef9-bd55-47ea-b057-d10e7f5a903a/thumbnail.jpg?width=480,https://vz-e81debcf-c73.b-cdn.net/6243fef9-bd55-47ea-b057-d10e7f5a903a/playlist.m3u8,,,,,,,Sophie Little,,,,,,False,200,404,image/jpeg,text/html
6283de3a-a8bd-4951-8f8f-7ba3c1f0e230,,tag,https://abdlhub.com/?v=6283de3a-a8bd-4951-8f8f-7ba3c1f0e230,https://vz-e81debcf-c73.b-cdn.net/6283de3a-a8bd-4951-8f8f-7ba3c1f0e230/thumbnail.jpg?width=480,https://vz-e81debcf-c73.b-cdn.net/6283de3a-a8bd-4951-8f8f-7ba3c1f0e230/playlist.m3u8,,,,,,,vlog; Sophie Little,,,,,,False,200,404,image/jpeg,text/html
62be4cee-c4aa-4bc6-9c4e-33a46ef446a1,,tag,https://abdlhub.com/?v=62be4cee-c4aa-4bc6-9c4e-33a46ef446a1,https://vz-e81debcf-c73.b-cdn.net/62be4cee-c4aa-4bc6-9c4e-33a46ef446a1/thumbnail.jpg?width=480,https://vz-e81debcf-c73.b-cdn.net/62be4cee-c4aa-4bc6-9c4e-33a46ef446a1/playlist.m3u8,,,,,,,diaper; mess; Sophie Little,,,,,,False,200,404,image/jpeg,text/html
62c3f38b-ddf7-4b51-98a4-f7507bf18514,,tag,https://abdlhub.com/?v=62c3f38b-ddf7-4b51-98a4-f7507bf18514,https://vz-e81debcf-c73.b-cdn.net/62c3f38b-ddf7-4b51-98a4-f7507bf18514/thumbnail.jpg?width=480,https://vz-e81debcf-c73.b-cdn.net/62c3f38b-ddf7-4b51-98a4-f7507bf18514/playlist.m3u8,,,,,,,Sophie Little,,,,,,False,200,404,image/jpeg,text/html
62dc8b4e-871e-4053-962a-356a76b166d7,,tag,https://abdlhub.com/?v=62dc8b4e-871e-4053-962a-356a76b166d7,https://vz-e81debcf-c73.b-cdn.net/62dc8b4e-871e-4053-962a-356a76b166d7/thumbnail.jpg?width=480,https://vz-e81debcf-c73.b-cdn.net/62dc8b4e-871e-4053-962a-356a76b166d7/playlist.m3u8,,,,,,,diaper; crib; Sophie Little,,,,,,False,200,404,image/jpeg,text/html
63bf0c11-9e21-429d-af28-1e8b160a116c,,tag,https://abdlhub.com/?v=63bf0c11-9e21-429d-af28-1e8b160a116c,https://vz-e81debcf-c73.b-cdn.net/63bf0c11-9e21-429d-af28-1e8b160a116c/thumbnail.jpg?width=480,https://vz-e81debcf-c73.b-cdn.net/63bf0c11-9e21-429d-af28-1e8b160a116c/playlist.m3u8,,,,,,,diaper; Sophie Little,,,,,,False,200,404,image/jpeg,text/html
640ee5aa-563d-4005-9905-57d7df5a70ed,,tag,https://abdlhub.com/?v=640ee5aa-563d-4005-9905-57d7df5a70ed,https://vz-e81debcf-c73.b-cdn.net/640ee5aa-563d-4005-9905-57d7df5a70ed/thumbnail.jpg?width=480,https://vz-e81debcf-c73.b-cdn.net/640ee5aa-563d-4005-9905-57d7df5a70ed/playlist.m3u8,,,,,,,pov; Sophie Little,,,,,,False,200,404,image/jpeg,text/html
64112121-aa96-4fcf-bd62-d7ad49f4b985,,tag,https://abdlhub.com/?v=64112121-aa96-4fcf-bd62-d7ad49f4b985,https://vz-e81debcf-c73.b-cdn.net/64112121-aa96-4fcf-bd62-d7ad49f4b985/thumbnail.jpg?width=480,https://vz-e81debcf-c73.b-cdn.net/64112121-aa96-4fcf-bd62-d7ad49f4b985/playlist.m3u8,,,,,,,diaper; Sophie Little,,,,,,False,200,404,image/jpeg,text/html
64bc55b1-0360-47f8-ace1-55f1de7a623d,,tag,https://abdlhub.com/?v=64bc55b1-0360-47f8-ace1-55f1de7a623d,https://vz-e81debcf-c73.b-cdn.net/64bc55b1-0360-47f8-ace1-55f1de7a623d/thumbnail.jpg?width=480,https://vz-e81debcf-c73.b-cdn.net/64bc55b1-0360-47f8-ace1-55f1de7a623d/playlist.m3u8,,,,,,,diaper; Sophie Little,,,,,,False,200,404,image/jpeg,text/html
64cf68f8-322b-403b-9208-29517f026aeb,,tag,https://abdlhub.com/?v=64cf68f8-322b-403b-9208-29517f026aeb,https://vz-e81debcf-c73.b-cdn.net/64cf68f8-322b-403b-9208-29517f026aeb/thumbnail.jpg?width=480,https://vz-e81debcf-c73.b-cdn.net/64cf68f8-322b-403b-9208-29517f026aeb/playlist.m3u8,,,,,,,diaper; Sophie Little,,,,,,False,200,404,image/jpeg,text/html
64f1b54d-2957-4abb-bd90-81ec4c0b1dd1,,tag,https://abdlhub.com/?v=64f1b54d-2957-4abb-bd90-81ec4c0b1dd1,https://vz-e81debcf-c73.b-cdn.net/64f1b54d-2957-4abb-bd90-81ec4c0b1dd1/thumbnail.jpg?width=480,https://vz-e81debcf-c73.b-cdn.net/64f1b54d-2957-4abb-bd90-81ec4c0b1dd1/playlist.m3u8,,,,,,,Sophie Little,,,,,,False,200,404,image/jpeg,text/html
652d55e1-4f7c-4b58-9932-cb15eed20221,,tag,https://abdlhub.com/?v=652d55e1-4f7c-4b58-9932-cb15eed20221,https://vz-e81debcf-c73.b-cdn.net/652d55e1-4f7c-4b58-9932-cb15eed20221/thumbnail.jpg?width=480,https://vz-e81debcf-c73.b-cdn.net/652d55e1-4f7c-4b58-9932-cb15eed20221/playlist.m3u8,,,,,,,Sophie Little,,,,,,False,200,404,image/jpeg,text/html
65ce1f23-120d-4d23-9639-ccea27b2ad72,,tag,https://abdlhub.com/?v=65ce1f23-120d-4d23-9639-ccea27b2ad72,https://vz-e81debcf-c73.b-cdn.net/65ce1f23-120d-4d23-9639-ccea27b2ad72/thumbnail.jpg?width=480,https://vz-e81debcf-c73.b-cdn.net/65ce1f23-120d-4d23-9639-ccea27b2ad72/playlist.m3u8,,,,,,,diaper; pov; Sophie Little,,,,,,False,200,404,image/jpeg,text/html
6624c227-6b49-4eca-8714-3c15a8ac3b7e,,tag,https://abdlhub.com/?v=6624c227-6b49-4eca-8714-3c15a8ac3b7e,https://vz-e81debcf-c73.b-cdn.net/6624c227-6b49-4eca-8714-3c15a8ac3b7e/thumbnail.jpg?width=480,https://vz-e81debcf-c73.b-cdn.net/6624c227-6b49-4eca-8714-3c15a8ac3b7e/playlist.m3u8,,,,,,,Sophie Little,,,,,,False,200,404,image/jpeg,text/html
66d4b6c3-eda5-471a-9e22-5cbb60f30724,,tag,https://abdlhub.com/?v=66d4b6c3-eda5-471a-9e22-5cbb60f30724,https://vz-e81debcf-c73.b-cdn.net/66d4b6c3-eda5-471a-9e22-5cbb60f30724/thumbnail.jpg?width=480,https://vz-e81debcf-c73.b-cdn.net/66d4b6c3-eda5-471a-9e22-5cbb60f30724/playlist.m3u8,,,,,,,diaper; pov; Sophie Little,,,,,,False,200,404,image/jpeg,text/html
66fcd1ca-665d-45b3-bedf-e8c56bfdff95,,tag,https://abdlhub.com/?v=66fcd1ca-665d-45b3-bedf-e8c56bfdff95,https://vz-e81debcf-c73.b-cdn.net/66fcd1ca-665d-45b3-bedf-e8c56bfdff95/thumbnail.jpg?width=480,https://vz-e81debcf-c73.b-cdn.net/66fcd1ca-665d-45b3-bedf-e8c56bfdff95/playlist.m3u8,,,,,,,diaper; Sophie Little,,,,,,False,200,404,image/jpeg,text/html
68efb469-08bc-47d6-afbd-3f98a5362812,,tag,https://abdlhub.com/?v=68efb469-08bc-47d6-afbd-3f98a5362812,https://vz-e81debcf-c73.b-cdn.net/68efb469-08bc-47d6-afbd-3f98a5362812/thumbnail.jpg?width=480,https://vz-e81debcf-c73.b-cdn.net/68efb469-08bc-47d6-afbd-3f98a5362812/playlist.m3u8,,,,,,,Sophie Little,,,,,,False,200,404,image/jpeg,text/html
69625d0b-05a4-4ca7-b657-cddab6a3f243,,tag,https://abdlhub.com/?v=69625d0b-05a4-4ca7-b657-cddab6a3f243,https://vz-e81debcf-c73.b-cdn.net/69625d0b-05a4-4ca7-b657-cddab6a3f243/thumbnail.jpg?width=480,https://vz-e81debcf-c73.b-cdn.net/69625d0b-05a4-4ca7-b657-cddab6a3f243/playlist.m3u8,,,,,,,diaper; vlog; Sophie Little,,,,,,False,200,404,image/jpeg,text/html
6962ae41-c5be-470d-ae4a-492eb21ebeb5,,tag,https://abdlhub.com/?v=6962ae41-c5be-470d-ae4a-492eb21ebeb5,https://vz-e81debcf-c73.b-cdn.net/6962ae41-c5be-470d-ae4a-492eb21ebeb5/thumbnail.jpg?width=480,https://vz-e81debcf-c73.b-cdn.net/6962ae41-c5be-470d-ae4a-492eb21ebeb5/playlist.m3u8,,,,,,,diaper; changing; Sophie Little,,,,,,False,200,404,image/jpeg,text/html
698e9e7a-9dc8-4078-adeb-8a07f1c2ca11,,tag,https://abdlhub.com/?v=698e9e7a-9dc8-4078-adeb-8a07f1c2ca11,https://vz-e81debcf-c73.b-cdn.net/698e9e7a-9dc8-4078-adeb-8a07f1c2ca11/thumbnail.jpg?width=480,https://vz-e81debcf-c73.b-cdn.net/698e9e7a-9dc8-4078-adeb-8a07f1c2ca11/playlist.m3u8,,,,,,,diaper; Sophie Little,,,,,,False,200,404,image/jpeg,text/html
69971ad3-e614-442e-a9b6-0c5b02ffbb73,,tag,https://abdlhub.com/?v=69971ad3-e614-442e-a9b6-0c5b02ffbb73,https://vz-e81debcf-c73.b-cdn.net/69971ad3-e614-442e-a9b6-0c5b02ffbb73/thumbnail.jpg?width=480,https://vz-e81debcf-c73.b-cdn.net/69971ad3-e614-442e-a9b6-0c5b02ffbb73/playlist.m3u8,,,,,,,diaper; vlog; Sophie Little,,,,,,False,200,404,image/jpeg,text/html
6a752313-ef6c-405b-87de-ae915d75ef99,,tag,https://abdlhub.com/?v=6a752313-ef6c-405b-87de-ae915d75ef99,https://vz-e81debcf-c73.b-cdn.net/6a752313-ef6c-405b-87de-ae915d75ef99/thumbnail.jpg?width=480,https://vz-e81debcf-c73.b-cdn.net/6a752313-ef6c-405b-87de-ae915d75ef99/playlist.m3u8,,,,,,,diaper; Sophie Little,,,,,,False,200,404,image/jpeg,text/html
6aaf174c-07f1-410d-a8eb-7f55be4bc7fc,,tag,https://abdlhub.com/?v=6aaf174c-07f1-410d-a8eb-7f55be4bc7fc,https://vz-e81debcf-c73.b-cdn.net/6aaf174c-07f1-410d-a8eb-7f55be4bc7fc/thumbnail.jpg?width=480,https://vz-e81debcf-c73.b-cdn.net/6aaf174c-07f1-410d-a8eb-7f55be4bc7fc/playlist.m3u8,,,,,,,diaper; Sophie Little,,,,,,False,200,404,image/jpeg,text/html
6acb7115-228f-4cd6-8d36-84b44872129b,,tag,https://abdlhub.com/?v=6acb7115-228f-4cd6-8d36-84b44872129b,https://vz-e81debcf-c73.b-cdn.net/6acb7115-228f-4cd6-8d36-84b44872129b/thumbnail.jpg?width=480,https://vz-e81debcf-c73.b-cdn.net/6acb7115-228f-4cd6-8d36-84b44872129b/playlist.m3u8,,,,,,,mess; Sophie Little,,,,,,False,200,404,image/jpeg,text/html
6dd153bb-ddf9-457d-954f-560faff42342,,tag,https://abdlhub.com/?v=6dd153bb-ddf9-457d-954f-560faff42342,https://vz-e81debcf-c73.b-cdn.net/6dd153bb-ddf9-457d-954f-560faff42342/thumbnail.jpg?width=480,https://vz-e81debcf-c73.b-cdn.net/6dd153bb-ddf9-457d-954f-560faff42342/playlist.m3u8,,,,,,,Sophie Little,,,,,,False,200,404,image/jpeg,text/html
6dec84dc-d5ca-4c3a-8a0c-c73ffc2b1983,,tag,https://abdlhub.com/?v=6dec84dc-d5ca-4c3a-8a0c-c73ffc2b1983,https://vz-e81debcf-c73.b-cdn.net/6dec84dc-d5ca-4c3a-8a0c-c73ffc2b1983/thumbnail.jpg?width=480,https://vz-e81debcf-c73.b-cdn.net/6dec84dc-d5ca-4c3a-8a0c-c73ffc2b1983/playlist.m3u8,,,,,,,pov; Sophie Little,,,,,,False,200,404,image/jpeg,text/html
6e5cbf4e-1dac-4607-981a-155d114360bb,,tag,https://abdlhub.com/?v=6e5cbf4e-1dac-4607-981a-155d114360bb,https://vz-e81debcf-c73.b-cdn.net/6e5cbf4e-1dac-4607-981a-155d114360bb/thumbnail.jpg?width=480,https://vz-e81debcf-c73.b-cdn.net/6e5cbf4e-1dac-4607-981a-155d114360bb/playlist.m3u8,,,,,,,vlog; Sophie Little,,,,,,False,200,404,image/jpeg,text/html
6e9aeb56-4409-426b-b973-ed77e7fbbbb1,,tag,https://abdlhub.com/?v=6e9aeb56-4409-426b-b973-ed77e7fbbbb1,https://vz-e81debcf-c73.b-cdn.net/6e9aeb56-4409-426b-b973-ed77e7fbbbb1/thumbnail.jpg?width=480,https://vz-e81debcf-c73.b-cdn.net/6e9aeb56-4409-426b-b973-ed77e7fbbbb1/playlist.m3u8,,,,,,,diaper; Sophie Little,,,,,,False,200,404,image/jpeg,text/html
6fadadce-5ede-48f1-a779-c014d5f87d19,,tag,https://abdlhub.com/?v=6fadadce-5ede-48f1-a779-c014d5f87d19,https://vz-e81debcf-c73.b-cdn.net/6fadadce-5ede-48f1-a779-c014d5f87d19/thumbnail.jpg?width=480,https://vz-e81debcf-c73.b-cdn.net/6fadadce-5ede-48f1-a779-c014d5f87d19/playlist.m3u8,,,,,,,diaper; Sophie Little,,,,,,False,200,404,image/jpeg,text/html
6ff6e439-1422-4743-966d-8302d6dee6bc,,tag,https://abdlhub.com/?v=6ff6e439-1422-4743-966d-8302d6dee6bc,https://vz-e81debcf-c73.b-cdn.net/6ff6e439-1422-4743-966d-8302d6dee6bc/thumbnail.jpg?width=480,https://vz-e81debcf-c73.b-cdn.net/6ff6e439-1422-4743-966d-8302d6dee6bc/playlist.m3u8,,,,,,,Sophie Little,,,,,,False,200,404,image/jpeg,text/html
7007b078-1166-453b-94e1-e966a0891507,,tag,https://abdlhub.com/?v=7007b078-1166-453b-94e1-e966a0891507,https://vz-e81debcf-c73.b-cdn.net/7007b078-1166-453b-94e1-e966a0891507/thumbnail.jpg?width=480,https://vz-e81debcf-c73.b-cdn.net/7007b078-1166-453b-94e1-e966a0891507/playlist.m3u8,,,,,,,Sophie Little,,,,,,False,200,404,image/jpeg,text/html
7015694d-fa62-4a7a-bd43-09f1e12db471,,tag,https://abdlhub.com/?v=7015694d-fa62-4a7a-bd43-09f1e12db471,https://vz-e81debcf-c73.b-cdn.net/7015694d-fa62-4a7a-bd43-09f1e12db471/thumbnail.jpg?width=480,https://vz-e81debcf-c73.b-cdn.net/7015694d-fa62-4a7a-bd43-09f1e12db471/playlist.m3u8,,,,,,,Sophie Little,,,,,,False,200,404,image/jpeg,text/html
7099e31b-709d-44c5-a530-a71d3e79a448,,tag,https://abdlhub.com/?v=7099e31b-709d-44c5-a530-a71d3e79a448,https://vz-e81debcf-c73.b-cdn.net/7099e31b-709d-44c5-a530-a71d3e79a448/thumbnail.jpg?width=480,https://vz-e81debcf-c73.b-cdn.net/7099e31b-709d-44c5-a530-a71d3e79a448/playlist.m3u8,,,,,,,Sophie Little,,,,,,False,200,404,image/jpeg,text/html
70b1d6b2-9aef-4c54-b6d8-0075a6c4bffb,,tag,https://abdlhub.com/?v=70b1d6b2-9aef-4c54-b6d8-0075a6c4bffb,https://vz-e81debcf-c73.b-cdn.net/70b1d6b2-9aef-4c54-b6d8-0075a6c4bffb/thumbnail.jpg?width=480,https://vz-e81debcf-c73.b-cdn.net/70b1d6b2-9aef-4c54-b6d8-0075a6c4bffb/playlist.m3u8,,,,,,,diaper; crib; pov; Sophie Little,,,,,,False,200,404,image/jpeg,text/html
732f4b68-902c-4c7f-af06-52923052bb68,,tag,https://abdlhub.com/?v=732f4b68-902c-4c7f-af06-52923052bb68,https://vz-e81debcf-c73.b-cdn.net/732f4b68-902c-4c7f-af06-52923052bb68/thumbnail.jpg?width=480,https://vz-e81debcf-c73.b-cdn.net/732f4b68-902c-4c7f-af06-52923052bb68/playlist.m3u8,,,,,,,Sophie Little,,,,,,False,200,404,image/jpeg,text/html
733a9016-3df4-4dc9-bfa8-80c6526c9d92,,tag,https://abdlhub.com/?v=733a9016-3df4-4dc9-bfa8-80c6526c9d92,https://vz-e81debcf-c73.b-cdn.net/733a9016-3df4-4dc9-bfa8-80c6526c9d92/thumbnail.jpg?width=480,https://vz-e81debcf-c73.b-cdn.net/733a9016-3df4-4dc9-bfa8-80c6526c9d92/playlist.m3u8,,,,,,,Sophie Little,,,,,,False,200,404,image/jpeg,text/html
7370e0fe-3bb8-40b3-a596-82bced7343ad,,tag,https://abdlhub.com/?v=7370e0fe-3bb8-40b3-a596-82bced7343ad,https://vz-e81debcf-c73.b-cdn.net/7370e0fe-3bb8-40b3-a596-82bced7343ad/thumbnail.jpg?width=480,https://vz-e81debcf-c73.b-cdn.net/7370e0fe-3bb8-40b3-a596-82bced7343ad/playlist.m3u8,,,,,,,Sophie Little,,,,,,False,200,ERR:ConnectionError,image/jpeg,
73acfbb9-164a-43e2-b7aa-693a7f121d6a,,tag,https://abdlhub.com/?v=73acfbb9-164a-43e2-b7aa-693a7f121d6a,https://vz-e81debcf-c73.b-cdn.net/73acfbb9-164a-43e2-b7aa-693a7f121d6a/thumbnail.jpg?width=480,https://vz-e81debcf-c73.b-cdn.net/73acfbb9-164a-43e2-b7aa-693a7f121d6a/playlist.m3u8,,,,,,,diaper; Sophie Little,,,,,,False,200,404,image/jpeg,text/html
7530801c-4e66-4757-a175-a6f5897bb2d6,,tag,https://abdlhub.com/?v=7530801c-4e66-4757-a175-a6f5897bb2d6,https://vz-e81debcf-c73.b-cdn.net/7530801c-4e66-4757-a175-a6f5897bb2d6/thumbnail.jpg?width=480,https://vz-e81debcf-c73.b-cdn.net/7530801c-4e66-4757-a175-a6f5897bb2d6/playlist.m3u8,,,,,,,pov; Sophie Little,,,,,,False,200,404,image/jpeg,text/html
757ca279-670b-4515-a8d2-b450d9eb01e4,,tag,https://abdlhub.com/?v=757ca279-670b-4515-a8d2-b450d9eb01e4,https://vz-e81debcf-c73.b-cdn.net/757ca279-670b-4515-a8d2-b450d9eb01e4/thumbnail.jpg?width=480,https://vz-e81debcf-c73.b-cdn.net/757ca279-670b-4515-a8d2-b450d9eb01e4/playlist.m3u8,,,,,,,diaper; Sophie Little,,,,,,False,200,404,image/jpeg,text/html
75c759d3-1f25-4131-a2ed-e5f433bcf14e,,tag,https://abdlhub.com/?v=75c759d3-1f25-4131-a2ed-e5f433bcf14e,https://vz-e81debcf-c73.b-cdn.net/75c759d3-1f25-4131-a2ed-e5f433bcf14e/thumbnail.jpg?width=480,https://vz-e81debcf-c73.b-cdn.net/75c759d3-1f25-4131-a2ed-e5f433bcf14e/playlist.m3u8,,,,,,,diaper; Sophie Little,,,,,,False,200,404,image/jpeg,text/html
760de107-847a-40b2-ae14-f2c2991f7dde,,tag,https://abdlhub.com/?v=760de107-847a-40b2-ae14-f2c2991f7dde,https://vz-e81debcf-c73.b-cdn.net/760de107-847a-40b2-ae14-f2c2991f7dde/thumbnail.jpg?width=480,https://vz-e81debcf-c73.b-cdn.net/760de107-847a-40b2-ae14-f2c2991f7dde/playlist.m3u8,,,,,,,diaper; Sophie Little,,,,,,False,200,404,image/jpeg,text/html
761eccf3-7255-4af3-a7f3-5607f6f18bea,,tag,https://abdlhub.com/?v=761eccf3-7255-4af3-a7f3-5607f6f18bea,https://vz-e81debcf-c73.b-cdn.net/761eccf3-7255-4af3-a7f3-5607f6f18bea/thumbnail.jpg?width=480,https://vz-e81debcf-c73.b-cdn.net/761eccf3-7255-4af3-a7f3-5607f6f18bea/playlist.m3u8,,,,,,,pov; Sophie Little,,,,,,False,200,404,image/jpeg,text/html
7659ed6a-52e5-4e84-8b32-6e60e34e2e15,,tag,https://abdlhub.com/?v=7659ed6a-52e5-4e84-8b32-6e60e34e2e15,https://vz-e81debcf-c73.b-cdn.net/7659ed6a-52e5-4e84-8b32-6e60e34e2e15/thumbnail.jpg?width=480,https://vz-e81debcf-c73.b-cdn.net/7659ed6a-52e5-4e84-8b32-6e60e34e2e15/playlist.m3u8,,,,,,,diaper; Sophie Little,,,,,,False,200,404,image/jpeg,text/html
76aa11b7-0ebe-463f-aeb8-cf6cdb22a9c5,,tag,https://abdlhub.com/?v=76aa11b7-0ebe-463f-aeb8-cf6cdb22a9c5,https://vz-e81debcf-c73.b-cdn.net/76aa11b7-0ebe-463f-aeb8-cf6cdb22a9c5/thumbnail.jpg?width=480,https://vz-e81debcf-c73.b-cdn.net/76aa11b7-0ebe-463f-aeb8-cf6cdb22a9c5/playlist.m3u8,,,,,,,diaper; changing; Sophie Little,,,,,,False,200,404,image/jpeg,text/html
76cc1250-23cb-4e69-9689-ad3b98a8872b,,tag,https://abdlhub.com/?v=76cc1250-23cb-4e69-9689-ad3b98a8872b,https://vz-e81debcf-c73.b-cdn.net/76cc1250-23cb-4e69-9689-ad3b98a8872b/thumbnail.jpg?width=480,https://vz-e81debcf-c73.b-cdn.net/76cc1250-23cb-4e69-9689-ad3b98a8872b/playlist.m3u8,,,,,,,diaper; Sophie Little,,,,,,False,200,404,image/jpeg,text/html
773ef010-a1d4-4a39-8edd-8378e5bbf081,,tag,https://abdlhub.com/?v=773ef010-a1d4-4a39-8edd-8378e5bbf081,https://vz-e81debcf-c73.b-cdn.net/773ef010-a1d4-4a39-8edd-8378e5bbf081/thumbnail.jpg?width=480,https://vz-e81debcf-c73.b-cdn.net/773ef010-a1d4-4a39-8edd-8378e5bbf081/playlist.m3u8,,,,,,,diaper; vlog; Sophie Little,,,,,,False,200,404,image/jpeg,text/html
77efa9ad-c9b5-487e-a7fd-77b428643ea8,,tag,https://abdlhub.com/?v=77efa9ad-c9b5-487e-a7fd-77b428643ea8,https://vz-e81debcf-c73.b-cdn.net/77efa9ad-c9b5-487e-a7fd-77b428643ea8/thumbnail.jpg?width=480,https://vz-e81debcf-c73.b-cdn.net/77efa9ad-c9b5-487e-a7fd-77b428643ea8/playlist.m3u8,,,,,,,diaper; pov; Sophie Little,,,,,,False,200,404,image/jpeg,text/html
780b8470-e707-4e14-825b-4c304957c625,,tag,https://abdlhub.com/?v=780b8470-e707-4e14-825b-4c304957c625,https://vz-e81debcf-c73.b-cdn.net/780b8470-e707-4e14-825b-4c304957c625/thumbnail.jpg?width=480,https://vz-e81debcf-c73.b-cdn.net/780b8470-e707-4e14-825b-4c304957c625/playlist.m3u8,,,,,,,diaper; crib; Sophie Little,,,,,,False,200,404,image/jpeg,text/html
782ff434-db90-4a97-a364-1110582e242e,,tag,https://abdlhub.com/?v=782ff434-db90-4a97-a364-1110582e242e,https://vz-e81debcf-c73.b-cdn.net/782ff434-db90-4a97-a364-1110582e242e/thumbnail.jpg?width=480,https://vz-e81debcf-c73.b-cdn.net/782ff434-db90-4a97-a364-1110582e242e/playlist.m3u8,,,,,,,Sophie Little,,,,,,False,200,404,image/jpeg,text/html
78abb9ca-70cf-4b76-a887-29e2ebfdeec3,,tag,https://abdlhub.com/?v=78abb9ca-70cf-4b76-a887-29e2ebfdeec3,https://vz-e81debcf-c73.b-cdn.net/78abb9ca-70cf-4b76-a887-29e2ebfdeec3/thumbnail.jpg?width=480,https://vz-e81debcf-c73.b-cdn.net/78abb9ca-70cf-4b76-a887-29e2ebfdeec3/playlist.m3u8,,,,,,,diaper; Sophie Little,,,,,,False,200,404,image/jpeg,text/html
798f99cb-3dfe-4c6b-b29c-80cbe2246fbd,,tag,https://abdlhub.com/?v=798f99cb-3dfe-4c6b-b29c-80cbe2246fbd,https://vz-e81debcf-c73.b-cdn.net/798f99cb-3dfe-4c6b-b29c-80cbe2246fbd/thumbnail.jpg?width=480,https://vz-e81debcf-c73.b-cdn.net/798f99cb-3dfe-4c6b-b29c-80cbe2246fbd/playlist.m3u8,,,,,,,diaper; Sophie Little,,,,,,False,200,404,image/jpeg,text/html
79b9355e-5a36-4b05-af43-d4739e142b79,,tag,https://abdlhub.com/?v=79b9355e-5a36-4b05-af43-d4739e142b79,https://vz-e81debcf-c73.b-cdn.net/79b9355e-5a36-4b05-af43-d4739e142b79/thumbnail.jpg?width=480,https://vz-e81debcf-c73.b-cdn.net/79b9355e-5a36-4b05-af43-d4739e142b79/playlist.m3u8,,,,,,,vlog; Sophie Little,,,,,,False,200,404,image/jpeg,text/html
79d8bba1-dbdb-4174-991e-d28ea2735f06,,tag,https://abdlhub.com/?v=79d8bba1-dbdb-4174-991e-d28ea2735f06,https://vz-e81debcf-c73.b-cdn.net/79d8bba1-dbdb-4174-991e-d28ea2735f06/thumbnail.jpg?width=480,https://vz-e81debcf-c73.b-cdn.net/79d8bba1-dbdb-4174-991e-d28ea2735f06/playlist.m3u8,,,,,,,diaper; Sophie Little,,,,,,False,200,404,image/jpeg,text/html
79fc1cd2-ceb7-44f9-bcba-88a24ebf2c41,,tag,https://abdlhub.com/?v=79fc1cd2-ceb7-44f9-bcba-88a24ebf2c41,https://vz-e81debcf-c73.b-cdn.net/79fc1cd2-ceb7-44f9-bcba-88a24ebf2c41/thumbnail.jpg?width=480,https://vz-e81debcf-c73.b-cdn.net/79fc1cd2-ceb7-44f9-bcba-88a24ebf2c41/playlist.m3u8,,,,,,,diaper; Sophie Little,,,,,,False,200,404,image/jpeg,text/html
7a0abdcd-692b-4dce-b11c-5b0ffc819b05,,tag,https://abdlhub.com/?v=7a0abdcd-692b-4dce-b11c-5b0ffc819b05,https://vz-e81debcf-c73.b-cdn.net/7a0abdcd-692b-4dce-b11c-5b0ffc819b05/thumbnail.jpg?width=480,https://vz-e81debcf-c73.b-cdn.net/7a0abdcd-692b-4dce-b11c-5b0ffc819b05/playlist.m3u8,,,,,,,Sophie Little,,,,,,False,200,404,image/jpeg,text/html
7a40e110-cc26-4d1c-bea0-45a19ac43006,,tag,https://abdlhub.com/?v=7a40e110-cc26-4d1c-bea0-45a19ac43006,https://vz-e81debcf-c73.b-cdn.net/7a40e110-cc26-4d1c-bea0-45a19ac43006/thumbnail.jpg?width=480,https://vz-e81debcf-c73.b-cdn.net/7a40e110-cc26-4d1c-bea0-45a19ac43006/playlist.m3u8,,,,,,,diaper; vlog; Sophie Little,,,,,,False,200,404,image/jpeg,text/html
7aabd473-666f-40ab-9881-8c17d0299e06,,tag,https://abdlhub.com/?v=7aabd473-666f-40ab-9881-8c17d0299e06,https://vz-e81debcf-c73.b-cdn.net/7aabd473-666f-40ab-9881-8c17d0299e06/thumbnail.jpg?width=480,https://vz-e81debcf-c73.b-cdn.net/7aabd473-666f-40ab-9881-8c17d0299e06/playlist.m3u8,,,,,,,diaper; Sophie Little,,,,,,False,200,404,image/jpeg,text/html
7acbaf94-f0a8-4a23-b3db-dfeb27c0c560,,tag,https://abdlhub.com/?v=7acbaf94-f0a8-4a23-b3db-dfeb27c0c560,https://vz-e81debcf-c73.b-cdn.net/7acbaf94-f0a8-4a23-b3db-dfeb27c0c560/thumbnail.jpg?width=480,https://vz-e81debcf-c73.b-cdn.net/7acbaf94-f0a8-4a23-b3db-dfeb27c0c560/playlist.m3u8,,,,,,,diaper; Sophie Little,,,,,,False,200,404,image/jpeg,text/html
7af09bba-93c4-437b-b808-e28630ec6795,,tag,https://abdlhub.com/?v=7af09bba-93c4-437b-b808-e28630ec6795,https://vz-e81debcf-c73.b-cdn.net/7af09bba-93c4-437b-b808-e28630ec6795/thumbnail.jpg?width=480,https://vz-e81debcf-c73.b-cdn.net/7af09bba-93c4-437b-b808-e28630ec6795/playlist.m3u8,,,,,,,vlog; Sophie Little,,,,,,False,200,404,image/jpeg,text/html
7b3f2457-cb96-4c09-9522-f08e94b6bac5,,tag,https://abdlhub.com/?v=7b3f2457-cb96-4c09-9522-f08e94b6bac5,https://vz-e81debcf-c73.b-cdn.net/7b3f2457-cb96-4c09-9522-f08e94b6bac5/thumbnail.jpg?width=480,https://vz-e81debcf-c73.b-cdn.net/7b3f2457-cb96-4c09-9522-f08e94b6bac5/playlist.m3u8,,,,,,,diaper; pov; Sophie Little,,,,,,False,200,404,image/jpeg,text/html
7c1a8624-ba01-4959-b91a-57bd21fd14cf,,tag,https://abdlhub.com/?v=7c1a8624-ba01-4959-b91a-57bd21fd14cf,https://vz-e81debcf-c73.b-cdn.net/7c1a8624-ba01-4959-b91a-57bd21fd14cf/thumbnail.jpg?width=480,https://vz-e81debcf-c73.b-cdn.net/7c1a8624-ba01-4959-b91a-57bd21fd14cf/playlist.m3u8,,,,,,,pov; Sophie Little,,,,,,False,200,404,image/jpeg,text/html
7c959166-24f2-4d5b-b4af-84ca0547be24,,tag,https://abdlhub.com/?v=7c959166-24f2-4d5b-b4af-84ca0547be24,https://vz-e81debcf-c73.b-cdn.net/7c959166-24f2-4d5b-b4af-84ca0547be24/thumbnail.jpg?width=480,https://vz-e81debcf-c73.b-cdn.net/7c959166-24f2-4d5b-b4af-84ca0547be24/playlist.m3u8,,,,,,,diaper; vlog; Sophie Little,,,,,,False,200,404,image/jpeg,text/html
7cba5df4-90aa-41e7-b83d-4d10f0d663d3,,tag,https://abdlhub.com/?v=7cba5df4-90aa-41e7-b83d-4d10f0d663d3,https://vz-e81debcf-c73.b-cdn.net/7cba5df4-90aa-41e7-b83d-4d10f0d663d3/thumbnail.jpg?width=480,https://vz-e81debcf-c73.b-cdn.net/7cba5df4-90aa-41e7-b83d-4d10f0d663d3/playlist.m3u8,,,,,,,Sophie Little,,,,,,False,200,404,image/jpeg,text/html
7cbfd455-39f2-4cdd-953e-c2e936bde9dd,,tag,https://abdlhub.com/?v=7cbfd455-39f2-4cdd-953e-c2e936bde9dd,https://vz-e81debcf-c73.b-cdn.net/7cbfd455-39f2-4cdd-953e-c2e936bde9dd/thumbnail.jpg?width=480,https://vz-e81debcf-c73.b-cdn.net/7cbfd455-39f2-4cdd-953e-c2e936bde9dd/playlist.m3u8,,,,,,,diaper; mess; pov; Sophie Little,,,,,,False,200,404,image/jpeg,text/html
7ce9b4aa-e3f7-46b0-a0e5-c8f2e0ec826f,,tag,https://abdlhub.com/?v=7ce9b4aa-e3f7-46b0-a0e5-c8f2e0ec826f,https://vz-e81debcf-c73.b-cdn.net/7ce9b4aa-e3f7-46b0-a0e5-c8f2e0ec826f/thumbnail.jpg?width=480,https://vz-e81debcf-c73.b-cdn.net/7ce9b4aa-e3f7-46b0-a0e5-c8f2e0ec826f/playlist.m3u8,,,,,,,pov; Sophie Little,,,,,,False,200,404,image/jpeg,text/html
7d42429f-5942-4dfd-9e39-ef8a811926ac,,tag,https://abdlhub.com/?v=7d42429f-5942-4dfd-9e39-ef8a811926ac,https://vz-e81debcf-c73.b-cdn.net/7d42429f-5942-4dfd-9e39-ef8a811926ac/thumbnail.jpg?width=480,https://vz-e81debcf-c73.b-cdn.net/7d42429f-5942-4dfd-9e39-ef8a811926ac/playlist.m3u8,,,,,,,diaper; crib; pov; Sophie Little,,,,,,False,200,404,image/jpeg,text/html
7de3c488-ec4b-465e-96a1-aa732092fe1e,,tag,https://abdlhub.com/?v=7de3c488-ec4b-465e-96a1-aa732092fe1e,https://vz-e81debcf-c73.b-cdn.net/7de3c488-ec4b-465e-96a1-aa732092fe1e/thumbnail.jpg?width=480,https://vz-e81debcf-c73.b-cdn.net/7de3c488-ec4b-465e-96a1-aa732092fe1e/playlist.m3u8,,,,,,,pov; Sophie Little,,,,,,False,200,404,image/jpeg,text/html
7edcdd20-45b0-41dc-9bd2-8c2c414a3d3b,,tag,https://abdlhub.com/?v=7edcdd20-45b0-41dc-9bd2-8c2c414a3d3b,https://vz-e81debcf-c73.b-cdn.net/7edcdd20-45b0-41dc-9bd2-8c2c414a3d3b/thumbnail.jpg?width=480,https://vz-e81debcf-c73.b-cdn.net/7edcdd20-45b0-41dc-9bd2-8c2c414a3d3b/playlist.m3u8,,,,,,,Sophie Little,,,,,,False,200,404,image/jpeg,text/html
81970bf5-4bba-40f4-a5d2-24721a8eb546,,tag,https://abdlhub.com/?v=81970bf5-4bba-40f4-a5d2-24721a8eb546,https://vz-e81debcf-c73.b-cdn.net/81970bf5-4bba-40f4-a5d2-24721a8eb546/thumbnail.jpg?width=480,https://vz-e81debcf-c73.b-cdn.net/81970bf5-4bba-40f4-a5d2-24721a8eb546/playlist.m3u8,,,,,,,Sophie Little,,,,,,False,200,404,image/jpeg,text/html
819a0db4-1a79-4ab2-a157-fbdce348dec3,,tag,https://abdlhub.com/?v=819a0db4-1a79-4ab2-a157-fbdce348dec3,https://vz-e81debcf-c73.b-cdn.net/819a0db4-1a79-4ab2-a157-fbdce348dec3/thumbnail.jpg?width=480,https://vz-e81debcf-c73.b-cdn.net/819a0db4-1a79-4ab2-a157-fbdce348dec3/playlist.m3u8,,,,,,,Sophie Little,,,,,,False,200,404,image/jpeg,text/html
82b60320-61af-4364-a799-c5bd1a0242c9,,tag,https://abdlhub.com/?v=82b60320-61af-4364-a799-c5bd1a0242c9,https://vz-e81debcf-c73.b-cdn.net/82b60320-61af-4364-a799-c5bd1a0242c9/thumbnail.jpg?width=480,https://vz-e81debcf-c73.b-cdn.net/82b60320-61af-4364-a799-c5bd1a0242c9/playlist.m3u8,,,,,,,changing; Sophie Little,,,,,,False,200,404,image/jpeg,text/html
830ad43b-cdb7-4ba0-af2b-5f869ce43a5e,,tag,https://abdlhub.com/?v=830ad43b-cdb7-4ba0-af2b-5f869ce43a5e,https://vz-e81debcf-c73.b-cdn.net/830ad43b-cdb7-4ba0-af2b-5f869ce43a5e/thumbnail.jpg?width=480,https://vz-e81debcf-c73.b-cdn.net/830ad43b-cdb7-4ba0-af2b-5f869ce43a5e/playlist.m3u8,,,,,,,diaper; Sophie Little,,,,,,False,200,404,image/jpeg,text/html
8344edde-f30e-4466-b004-1b70f62caabb,,tag,https://abdlhub.com/?v=8344edde-f30e-4466-b004-1b70f62caabb,https://vz-e81debcf-c73.b-cdn.net/8344edde-f30e-4466-b004-1b70f62caabb/thumbnail.jpg?width=480,https://vz-e81debcf-c73.b-cdn.net/8344edde-f30e-4466-b004-1b70f62caabb/playlist.m3u8,,,,,,,diaper; crib; Sophie Little,,,,,,False,200,404,image/jpeg,text/html
8480ac53-1b86-44bf-a6fa-3f53f3b721af,,tag,https://abdlhub.com/?v=8480ac53-1b86-44bf-a6fa-3f53f3b721af,https://vz-e81debcf-c73.b-cdn.net/8480ac53-1b86-44bf-a6fa-3f53f3b721af/thumbnail.jpg?width=480,https://vz-e81debcf-c73.b-cdn.net/8480ac53-1b86-44bf-a6fa-3f53f3b721af/playlist.m3u8,,,,,,,diaper; mess; Sophie Little,,,,,,False,200,404,image/jpeg,text/html
848e3a78-d536-4da8-82dc-c6252d57cf01,,tag,https://abdlhub.com/?v=848e3a78-d536-4da8-82dc-c6252d57cf01,https://vz-e81debcf-c73.b-cdn.net/848e3a78-d536-4da8-82dc-c6252d57cf01/thumbnail.jpg?width=480,https://vz-e81debcf-c73.b-cdn.net/848e3a78-d536-4da8-82dc-c6252d57cf01/playlist.m3u8,,,,,,,diaper; pov; Sophie Little,,,,,,False,200,404,image/jpeg,text/html
849be0bb-ab5b-4567-bca7-1bb8ae5a4135,,tag,https://abdlhub.com/?v=849be0bb-ab5b-4567-bca7-1bb8ae5a4135,https://vz-e81debcf-c73.b-cdn.net/849be0bb-ab5b-4567-bca7-1bb8ae5a4135/thumbnail.jpg?width=480,https://vz-e81debcf-c73.b-cdn.net/849be0bb-ab5b-4567-bca7-1bb8ae5a4135/playlist.m3u8,,,,,,,vlog; Sophie Little,,,,,,False,200,404,image/jpeg,text/html
84a94de8-23c3-4c94-8a76-cad9b926c3f5,,tag,https://abdlhub.com/?v=84a94de8-23c3-4c94-8a76-cad9b926c3f5,https://vz-e81debcf-c73.b-cdn.net/84a94de8-23c3-4c94-8a76-cad9b926c3f5/thumbnail.jpg?width=480,https://vz-e81debcf-c73.b-cdn.net/84a94de8-23c3-4c94-8a76-cad9b926c3f5/playlist.m3u8,,,,,,,diaper; Sophie Little,,,,,,False,200,404,image/jpeg,text/html
84c11999-bf50-4c93-8bcb-6937fab4d3bb,,tag,https://abdlhub.com/?v=84c11999-bf50-4c93-8bcb-6937fab4d3bb,https://vz-e81debcf-c73.b-cdn.net/84c11999-bf50-4c93-8bcb-6937fab4d3bb/thumbnail.jpg?width=480,https://vz-e81debcf-c73.b-cdn.net/84c11999-bf50-4c93-8bcb-6937fab4d3bb/playlist.m3u8,,,,,,,diaper; vlog; Sophie Little,,,,,,False,200,404,image/jpeg,text/html
85167a1f-5b24-495a-b05f-2a3fc74fc81c,,tag,https://abdlhub.com/?v=85167a1f-5b24-495a-b05f-2a3fc74fc81c,https://vz-e81debcf-c73.b-cdn.net/85167a1f-5b24-495a-b05f-2a3fc74fc81c/thumbnail.jpg?width=480,https://vz-e81debcf-c73.b-cdn.net/85167a1f-5b24-495a-b05f-2a3fc74fc81c/playlist.m3u8,,,,,,,Sophie Little,,,,,,False,200,404,image/jpeg,text/html
857fa50a-6618-4dd0-b384-04c621e2c926,,tag,https://abdlhub.com/?v=857fa50a-6618-4dd0-b384-04c621e2c926,https://vz-e81debcf-c73.b-cdn.net/857fa50a-6618-4dd0-b384-04c621e2c926/thumbnail.jpg?width=480,https://vz-e81debcf-c73.b-cdn.net/857fa50a-6618-4dd0-b384-04c621e2c926/playlist.m3u8,,,,,,,diaper; Sophie Little,,,,,,False,200,404,image/jpeg,text/html
858f1f79-e956-483e-b68c-8d4a97f1724f,,tag,https://abdlhub.com/?v=858f1f79-e956-483e-b68c-8d4a97f1724f,https://vz-e81debcf-c73.b-cdn.net/858f1f79-e956-483e-b68c-8d4a97f1724f/thumbnail.jpg?width=480,https://vz-e81debcf-c73.b-cdn.net/858f1f79-e956-483e-b68c-8d4a97f1724f/playlist.m3u8,,,,,,,Sophie Little,,,,,,False,200,404,image/jpeg,text/html
87456527-025b-49a0-a3f3-34f02219121c,,tag,https://abdlhub.com/?v=87456527-025b-49a0-a3f3-34f02219121c,https://vz-e81debcf-c73.b-cdn.net/87456527-025b-49a0-a3f3-34f02219121c/thumbnail.jpg?width=480,https://vz-e81debcf-c73.b-cdn.net/87456527-025b-49a0-a3f3-34f02219121c/playlist.m3u8,,,,,,,diaper; Sophie Little,,,,,,False,200,404,image/jpeg,text/html
874f94dd-525d-456d-a66d-371961a590ba,,tag,https://abdlhub.com/?v=874f94dd-525d-456d-a66d-371961a590ba,https://vz-e81debcf-c73.b-cdn.net/874f94dd-525d-456d-a66d-371961a590ba/thumbnail.jpg?width=480,https://vz-e81debcf-c73.b-cdn.net/874f94dd-525d-456d-a66d-371961a590ba/playlist.m3u8,,,,,,,crib; Sophie Little,,,,,,False,200,404,image/jpeg,text/html
8773737d-461b-4b64-8b01-6278a4f9c72b,,tag,https://abdlhub.com/?v=8773737d-461b-4b64-8b01-6278a4f9c72b,https://vz-e81debcf-c73.b-cdn.net/8773737d-461b-4b64-8b01-6278a4f9c72b/thumbnail.jpg?width=480,https://vz-e81debcf-c73.b-cdn.net/8773737d-461b-4b64-8b01-6278a4f9c72b/playlist.m3u8,,,,,,,diaper; pov; Sophie Little,,,,,,False,200,404,image/jpeg,text/html
87befa8e-bdf3-4fe1-87a6-9570a471b90e,,tag,https://abdlhub.com/?v=87befa8e-bdf3-4fe1-87a6-9570a471b90e,https://vz-e81debcf-c73.b-cdn.net/87befa8e-bdf3-4fe1-87a6-9570a471b90e/thumbnail.jpg?width=480,https://vz-e81debcf-c73.b-cdn.net/87befa8e-bdf3-4fe1-87a6-9570a471b90e/playlist.m3u8,,,,,,,diaper; pov; Sophie Little,,,,,,False,200,404,image/jpeg,text/html
8819a1ee-15e6-4f15-aa74-49720c838adf,,tag,https://abdlhub.com/?v=8819a1ee-15e6-4f15-aa74-49720c838adf,https://vz-e81debcf-c73.b-cdn.net/8819a1ee-15e6-4f15-aa74-49720c838adf/thumbnail.jpg?width=480,https://vz-e81debcf-c73.b-cdn.net/8819a1ee-15e6-4f15-aa74-49720c838adf/playlist.m3u8,,,,,,,vlog; Sophie Little,,,,,,False,200,404,image/jpeg,text/html
8855a73c-afea-46d1-9f58-301f35de776c,,tag,https://abdlhub.com/?v=8855a73c-afea-46d1-9f58-301f35de776c,https://vz-e81debcf-c73.b-cdn.net/8855a73c-afea-46d1-9f58-301f35de776c/thumbnail.jpg?width=480,https://vz-e81debcf-c73.b-cdn.net/8855a73c-afea-46d1-9f58-301f35de776c/playlist.m3u8,,,,,,,diaper; vlog; Sophie Little,,,,,,False,200,404,image/jpeg,text/html
88a7309b-5eaa-462d-b27a-f31b643a90e3,,tag,https://abdlhub.com/?v=88a7309b-5eaa-462d-b27a-f31b643a90e3,https://vz-e81debcf-c73.b-cdn.net/88a7309b-5eaa-462d-b27a-f31b643a90e3/thumbnail.jpg?width=480,https://vz-e81debcf-c73.b-cdn.net/88a7309b-5eaa-462d-b27a-f31b643a90e3/playlist.m3u8,,,,,,,Sophie Little,,,,,,False,200,404,image/jpeg,text/html
892fad5b-e057-4273-8b7d-750ea115acc9,,tag,https://abdlhub.com/?v=892fad5b-e057-4273-8b7d-750ea115acc9,https://vz-e81debcf-c73.b-cdn.net/892fad5b-e057-4273-8b7d-750ea115acc9/thumbnail.jpg?width=480,https://vz-e81debcf-c73.b-cdn.net/892fad5b-e057-4273-8b7d-750ea115acc9/playlist.m3u8,,,,,,,diaper; Sophie Little,,,,,,False,200,404,image/jpeg,text/html
894ece9c-c578-4fa3-a93e-08238bc655eb,,tag,https://abdlhub.com/?v=894ece9c-c578-4fa3-a93e-08238bc655eb,https://vz-e81debcf-c73.b-cdn.net/894ece9c-c578-4fa3-a93e-08238bc655eb/thumbnail.jpg?width=480,https://vz-e81debcf-c73.b-cdn.net/894ece9c-c578-4fa3-a93e-08238bc655eb/playlist.m3u8,,,,,,,Sophie Little,,,,,,False,200,404,image/jpeg,text/html
896e435c-c4c5-43b5-994d-080d791ea50b,,tag,https://abdlhub.com/?v=896e435c-c4c5-43b5-994d-080d791ea50b,https://vz-e81debcf-c73.b-cdn.net/896e435c-c4c5-43b5-994d-080d791ea50b/thumbnail.jpg?width=480,https://vz-e81debcf-c73.b-cdn.net/896e435c-c4c5-43b5-994d-080d791ea50b/playlist.m3u8,,,,,,,Sophie Little,,,,,,False,200,404,image/jpeg,text/html
8a763ec1-56ec-4b4b-be9c-844579ed4299,,tag,https://abdlhub.com/?v=8a763ec1-56ec-4b4b-be9c-844579ed4299,https://vz-e81debcf-c73.b-cdn.net/8a763ec1-56ec-4b4b-be9c-844579ed4299/thumbnail.jpg?width=480,https://vz-e81debcf-c73.b-cdn.net/8a763ec1-56ec-4b4b-be9c-844579ed4299/playlist.m3u8,,,,,,,Sophie Little,,,,,,False,200,404,image/jpeg,text/html
8ac044f4-b0d1-4348-85ff-f3b0460edc8a,,tag,https://abdlhub.com/?v=8ac044f4-b0d1-4348-85ff-f3b0460edc8a,https://vz-e81debcf-c73.b-cdn.net/8ac044f4-b0d1-4348-85ff-f3b0460edc8a/thumbnail.jpg?width=480,https://vz-e81debcf-c73.b-cdn.net/8ac044f4-b0d1-4348-85ff-f3b0460edc8a/playlist.m3u8,,,,,,,diaper; changing; Sophie Little,,,,,,False,200,404,image/jpeg,text/html
8bccf72d-679e-4a39-8353-db885a67ac12,,tag,https://abdlhub.com/?v=8bccf72d-679e-4a39-8353-db885a67ac12,https://vz-e81debcf-c73.b-cdn.net/8bccf72d-679e-4a39-8353-db885a67ac12/thumbnail.jpg?width=480,https://vz-e81debcf-c73.b-cdn.net/8bccf72d-679e-4a39-8353-db885a67ac12/playlist.m3u8,,,,,,,diaper; changing; vlog; Sophie Little,,,,,,False,200,404,image/jpeg,text/html
8c406c43-b7d3-4d43-9133-ba2f746c7463,,tag,https://abdlhub.com/?v=8c406c43-b7d3-4d43-9133-ba2f746c7463,https://vz-e81debcf-c73.b-cdn.net/8c406c43-b7d3-4d43-9133-ba2f746c7463/thumbnail.jpg?width=480,https://vz-e81debcf-c73.b-cdn.net/8c406c43-b7d3-4d43-9133-ba2f746c7463/playlist.m3u8,,,,,,,pov; Sophie Little,,,,,,False,200,404,image/jpeg,text/html
8c54d575-2093-41f9-ab12-bffac14637ba,,tag,https://abdlhub.com/?v=8c54d575-2093-41f9-ab12-bffac14637ba,https://vz-e81debcf-c73.b-cdn.net/8c54d575-2093-41f9-ab12-bffac14637ba/thumbnail.jpg?width=480,https://vz-e81debcf-c73.b-cdn.net/8c54d575-2093-41f9-ab12-bffac14637ba/playlist.m3u8,,,,,,,Sophie Little,,,,,,False,200,404,image/jpeg,text/html
8cb67132-cad3-4a99-97e2-6f1aaf62be22,,tag,https://abdlhub.com/?v=8cb67132-cad3-4a99-97e2-6f1aaf62be22,https://vz-e81debcf-c73.b-cdn.net/8cb67132-cad3-4a99-97e2-6f1aaf62be22/thumbnail.jpg?width=480,https://vz-e81debcf-c73.b-cdn.net/8cb67132-cad3-4a99-97e2-6f1aaf62be22/playlist.m3u8,,,,,,,diaper; Sophie Little,,,,,,False,200,404,image/jpeg,text/html
8cfc4479-6417-42ee-9a09-424691304ca4,,tag,https://abdlhub.com/?v=8cfc4479-6417-42ee-9a09-424691304ca4,https://vz-e81debcf-c73.b-cdn.net/8cfc4479-6417-42ee-9a09-424691304ca4/thumbnail.jpg?width=480,https://vz-e81debcf-c73.b-cdn.net/8cfc4479-6417-42ee-9a09-424691304ca4/playlist.m3u8,,,,,,,Sophie Little,,,,,,False,200,404,image/jpeg,text/html
8d140950-4259-41dc-a414-60462b473aac,,tag,https://abdlhub.com/?v=8d140950-4259-41dc-a414-60462b473aac,https://vz-e81debcf-c73.b-cdn.net/8d140950-4259-41dc-a414-60462b473aac/thumbnail.jpg?width=480,https://vz-e81debcf-c73.b-cdn.net/8d140950-4259-41dc-a414-60462b473aac/playlist.m3u8,,,,,,,diaper; changing; Sophie Little,,,,,,False,200,404,image/jpeg,text/html
8d27d2ef-cb03-46d6-b92d-fc7722d49e6b,,tag,https://abdlhub.com/?v=8d27d2ef-cb03-46d6-b92d-fc7722d49e6b,https://vz-e81debcf-c73.b-cdn.net/8d27d2ef-cb03-46d6-b92d-fc7722d49e6b/thumbnail.jpg?width=480,https://vz-e81debcf-c73.b-cdn.net/8d27d2ef-cb03-46d6-b92d-fc7722d49e6b/playlist.m3u8,,,,,,,crib; Sophie Little,,,,,,False,200,404,image/jpeg,text/html
8d4ad868-c14b-4d5b-b0ff-3f998113c735,,tag,https://abdlhub.com/?v=8d4ad868-c14b-4d5b-b0ff-3f998113c735,https://vz-e81debcf-c73.b-cdn.net/8d4ad868-c14b-4d5b-b0ff-3f998113c735/thumbnail.jpg?width=480,https://vz-e81debcf-c73.b-cdn.net/8d4ad868-c14b-4d5b-b0ff-3f998113c735/playlist.m3u8,,,,,,,Sophie Little,,,,,,False,200,404,image/jpeg,text/html
8dc3a5ab-ae47-40b1-af48-fa69be594c04,,tag,https://abdlhub.com/?v=8dc3a5ab-ae47-40b1-af48-fa69be594c04,https://vz-e81debcf-c73.b-cdn.net/8dc3a5ab-ae47-40b1-af48-fa69be594c04/thumbnail.jpg?width=480,https://vz-e81debcf-c73.b-cdn.net/8dc3a5ab-ae47-40b1-af48-fa69be594c04/playlist.m3u8,,,,,,,Sophie Little,,,,,,False,200,404,image/jpeg,text/html
8df9aff0-fbcb-4c3e-9d1f-cc4f4de0b126,,tag,https://abdlhub.com/?v=8df9aff0-fbcb-4c3e-9d1f-cc4f4de0b126,https://vz-e81debcf-c73.b-cdn.net/8df9aff0-fbcb-4c3e-9d1f-cc4f4de0b126/thumbnail.jpg?width=480,https://vz-e81debcf-c73.b-cdn.net/8df9aff0-fbcb-4c3e-9d1f-cc4f4de0b126/playlist.m3u8,,,,,,,Sophie Little,,,,,,False,200,404,image/jpeg,text/html
8e1129c7-b1c1-410b-bee3-e9e40d579912,,tag,https://abdlhub.com/?v=8e1129c7-b1c1-410b-bee3-e9e40d579912,https://vz-e81debcf-c73.b-cdn.net/8e1129c7-b1c1-410b-bee3-e9e40d579912/thumbnail.jpg?width=480,https://vz-e81debcf-c73.b-cdn.net/8e1129c7-b1c1-410b-bee3-e9e40d579912/playlist.m3u8,,,,,,,diaper; pov; Sophie Little,,,,,,False,200,404,image/jpeg,text/html
8e439115-f396-4896-9644-025d571d99fe,,tag,https://abdlhub.com/?v=8e439115-f396-4896-9644-025d571d99fe,https://vz-e81debcf-c73.b-cdn.net/8e439115-f396-4896-9644-025d571d99fe/thumbnail.jpg?width=480,https://vz-e81debcf-c73.b-cdn.net/8e439115-f396-4896-9644-025d571d99fe/playlist.m3u8,,,,,,,Sophie Little,,,,,,False,200,404,image/jpeg,text/html
8e4d0959-839d-416b-b904-d46b59f2af2a,,tag,https://abdlhub.com/?v=8e4d0959-839d-416b-b904-d46b59f2af2a,https://vz-e81debcf-c73.b-cdn.net/8e4d0959-839d-416b-b904-d46b59f2af2a/thumbnail.jpg?width=480,https://vz-e81debcf-c73.b-cdn.net/8e4d0959-839d-416b-b904-d46b59f2af2a/playlist.m3u8,,,,,,,Sophie Little,,,,,,False,200,404,image/jpeg,text/html
8f95e4a5-89e2-450c-8137-a52062ffb51d,,tag,https://abdlhub.com/?v=8f95e4a5-89e2-450c-8137-a52062ffb51d,https://vz-e81debcf-c73.b-cdn.net/8f95e4a5-89e2-450c-8137-a52062ffb51d/thumbnail.jpg?width=480,https://vz-e81debcf-c73.b-cdn.net/8f95e4a5-89e2-450c-8137-a52062ffb51d/playlist.m3u8,,,,,,,Sophie Little,,,,,,False,ERR:ConnectionError,404,,text/html
904004df-f57b-4292-814d-41dc0b7c7a9b,,tag,https://abdlhub.com/?v=904004df-f57b-4292-814d-41dc0b7c7a9b,https://vz-e81debcf-c73.b-cdn.net/904004df-f57b-4292-814d-41dc0b7c7a9b/thumbnail.jpg?width=480,https://vz-e81debcf-c73.b-cdn.net/904004df-f57b-4292-814d-41dc0b7c7a9b/playlist.m3u8,,,,,,,Sophie Little,,,,,,False,200,404,image/jpeg,text/html
90584933-54e2-44a6-9874-145d07c0a129,,tag,https://abdlhub.com/?v=90584933-54e2-44a6-9874-145d07c0a129,https://vz-e81debcf-c73.b-cdn.net/90584933-54e2-44a6-9874-145d07c0a129/thumbnail.jpg?width=480,https://vz-e81debcf-c73.b-cdn.net/90584933-54e2-44a6-9874-145d07c0a129/playlist.m3u8,,,,,,,diaper; Sophie Little,,,,,,False,200,404,image/jpeg,text/html
90ab1a4a-5485-4679-ad21-737f19772e6b,,tag,https://abdlhub.com/?v=90ab1a4a-5485-4679-ad21-737f19772e6b,https://vz-e81debcf-c73.b-cdn.net/90ab1a4a-5485-4679-ad21-737f19772e6b/thumbnail.jpg?width=480,https://vz-e81debcf-c73.b-cdn.net/90ab1a4a-5485-4679-ad21-737f19772e6b/playlist.m3u8,,,,,,,vlog; Sophie Little,,,,,,False,200,404,image/jpeg,text/html
91c559d6-6275-480e-a887-ddbeb84d29ab,,tag,https://abdlhub.com/?v=91c559d6-6275-480e-a887-ddbeb84d29ab,https://vz-e81debcf-c73.b-cdn.net/91c559d6-6275-480e-a887-ddbeb84d29ab/thumbnail.jpg?width=480,https://vz-e81debcf-c73.b-cdn.net/91c559d6-6275-480e-a887-ddbeb84d29ab/playlist.m3u8,,,,,,,mess; Sophie Little,,,,,,False,200,404,image/jpeg,text/html
924bee49-32f8-40b8-a6e6-70f5b4e088d3,,tag,https://abdlhub.com/?v=924bee49-32f8-40b8-a6e6-70f5b4e088d3,https://vz-e81debcf-c73.b-cdn.net/924bee49-32f8-40b8-a6e6-70f5b4e088d3/thumbnail.jpg?width=480,https://vz-e81debcf-c73.b-cdn.net/924bee49-32f8-40b8-a6e6-70f5b4e088d3/playlist.m3u8,,,,,,,Sophie Little,,,,,,False,200,404,image/jpeg,text/html
92cb79eb-1494-4785-8680-c02a0c8d0171,,tag,https://abdlhub.com/?v=92cb79eb-1494-4785-8680-c02a0c8d0171,https://vz-e81debcf-c73.b-cdn.net/92cb79eb-1494-4785-8680-c02a0c8d0171/thumbnail.jpg?width=480,https://vz-e81debcf-c73.b-cdn.net/92cb79eb-1494-4785-8680-c02a0c8d0171/playlist.m3u8,,,,,,,diaper; Sophie Little,,,,,,False,200,404,image/jpeg,text/html
9357d3ef-672b-45c4-bb02-a023dde02102,,tag,https://abdlhub.com/?v=9357d3ef-672b-45c4-bb02-a023dde02102,https://vz-e81debcf-c73.b-cdn.net/9357d3ef-672b-45c4-bb02-a023dde02102/thumbnail.jpg?width=480,https://vz-e81debcf-c73.b-cdn.net/9357d3ef-672b-45c4-bb02-a023dde02102/playlist.m3u8,,,,,,,diaper; Sophie Little,,,,,,False,200,404,image/jpeg,text/html
93ee39ca-7b1a-4981-96dd-0dd8622a6fa4,,tag,https://abdlhub.com/?v=93ee39ca-7b1a-4981-96dd-0dd8622a6fa4,https://vz-e81debcf-c73.b-cdn.net/93ee39ca-7b1a-4981-96dd-0dd8622a6fa4/thumbnail.jpg?width=480,https://vz-e81debcf-c73.b-cdn.net/93ee39ca-7b1a-4981-96dd-0dd8622a6fa4/playlist.m3u8,,,,,,,diaper; vlog; Sophie Little,,,,,,False,200,404,image/jpeg,text/html
9487a15e-7acd-4e67-a75f-c3c064028dbb,,tag,https://abdlhub.com/?v=9487a15e-7acd-4e67-a75f-c3c064028dbb,https://vz-e81debcf-c73.b-cdn.net/9487a15e-7acd-4e67-a75f-c3c064028dbb/thumbnail.jpg?width=480,https://vz-e81debcf-c73.b-cdn.net/9487a15e-7acd-4e67-a75f-c3c064028dbb/playlist.m3u8,,,,,,,diaper; nursery; changing; pov; Sophie Little,,,,,,False,200,404,image/jpeg,text/html
95115b98-fe6a-499e-9817-d8d008c33f37,,tag,https://abdlhub.com/?v=95115b98-fe6a-499e-9817-d8d008c33f37,https://vz-e81debcf-c73.b-cdn.net/95115b98-fe6a-499e-9817-d8d008c33f37/thumbnail.jpg?width=480,https://vz-e81debcf-c73.b-cdn.net/95115b98-fe6a-499e-9817-d8d008c33f37/playlist.m3u8,,,,,,,Sophie Little,,,,,,False,200,404,image/jpeg,text/html
9526099b-273a-4657-8437-766db203e7d4,,tag,https://abdlhub.com/?v=9526099b-273a-4657-8437-766db203e7d4,https://vz-e81debcf-c73.b-cdn.net/9526099b-273a-4657-8437-766db203e7d4/thumbnail.jpg?width=480,https://vz-e81debcf-c73.b-cdn.net/9526099b-273a-4657-8437-766db203e7d4/playlist.m3u8,,,,,,,diaper; Sophie Little,,,,,,False,200,404,image/jpeg,text/html
961cd93a-b0be-41cc-9074-ef6f4aae5629,,tag,https://abdlhub.com/?v=961cd93a-b0be-41cc-9074-ef6f4aae5629,https://vz-e81debcf-c73.b-cdn.net/961cd93a-b0be-41cc-9074-ef6f4aae5629/thumbnail.jpg?width=480,https://vz-e81debcf-c73.b-cdn.net/961cd93a-b0be-41cc-9074-ef6f4aae5629/playlist.m3u8,,,,,,,Sophie Little,,,,,,False,200,404,image/jpeg,text/html
963dc825-dab4-4125-91bd-a8012c5c3c73,,tag,https://abdlhub.com/?v=963dc825-dab4-4125-91bd-a8012c5c3c73,https://vz-e81debcf-c73.b-cdn.net/963dc825-dab4-4125-91bd-a8012c5c3c73/thumbnail.jpg?width=480,https://vz-e81debcf-c73.b-cdn.net/963dc825-dab4-4125-91bd-a8012c5c3c73/playlist.m3u8,,,,,,,Sophie Little,,,,,,False,200,404,image/jpeg,text/html
96596066-f488-4908-b246-6807b35f65c4,,tag,https://abdlhub.com/?v=96596066-f488-4908-b246-6807b35f65c4,https://vz-e81debcf-c73.b-cdn.net/96596066-f488-4908-b246-6807b35f65c4/thumbnail.jpg?width=480,https://vz-e81debcf-c73.b-cdn.net/96596066-f488-4908-b246-6807b35f65c4/playlist.m3u8,,,,,,,diaper; vlog; Sophie Little,,,,,,False,200,404,image/jpeg,text/html
966de91b-bcbb-498f-9de9-8b1287dcc5cd,,tag,https://abdlhub.com/?v=966de91b-bcbb-498f-9de9-8b1287dcc5cd,https://vz-e81debcf-c73.b-cdn.net/966de91b-bcbb-498f-9de9-8b1287dcc5cd/thumbnail.jpg?width=480,https://vz-e81debcf-c73.b-cdn.net/966de91b-bcbb-498f-9de9-8b1287dcc5cd/playlist.m3u8,,,,,,,Sophie Little,,,,,,False,200,404,image/jpeg,text/html
96b874c6-355d-4924-9bd3-85ae4140bce6,,tag,https://abdlhub.com/?v=96b874c6-355d-4924-9bd3-85ae4140bce6,https://vz-e81debcf-c73.b-cdn.net/96b874c6-355d-4924-9bd3-85ae4140bce6/thumbnail.jpg?width=480,https://vz-e81debcf-c73.b-cdn.net/96b874c6-355d-4924-9bd3-85ae4140bce6/playlist.m3u8,,,,,,,mess; Sophie Little,,,,,,False,200,404,image/jpeg,text/html
96c85e6b-7355-4a5c-bea4-7150c973eed9,,tag,https://abdlhub.com/?v=96c85e6b-7355-4a5c-bea4-7150c973eed9,https://vz-e81debcf-c73.b-cdn.net/96c85e6b-7355-4a5c-bea4-7150c973eed9/thumbnail.jpg?width=480,https://vz-e81debcf-c73.b-cdn.net/96c85e6b-7355-4a5c-bea4-7150c973eed9/playlist.m3u8,,,,,,,diaper; Sophie Little,,,,,,False,200,404,image/jpeg,text/html
96cec14f-3f0f-493d-b57d-4e7fbca51f39,,tag,https://abdlhub.com/?v=96cec14f-3f0f-493d-b57d-4e7fbca51f39,https://vz-e81debcf-c73.b-cdn.net/96cec14f-3f0f-493d-b57d-4e7fbca51f39/thumbnail.jpg?width=480,https://vz-e81debcf-c73.b-cdn.net/96cec14f-3f0f-493d-b57d-4e7fbca51f39/playlist.m3u8,,,,,,,diaper; vlog; Sophie Little,,,,,,False,200,404,image/jpeg,text/html
97891cdc-defd-41a4-a9ce-deb04adcc8ab,,tag,https://abdlhub.com/?v=97891cdc-defd-41a4-a9ce-deb04adcc8ab,https://vz-e81debcf-c73.b-cdn.net/97891cdc-defd-41a4-a9ce-deb04adcc8ab/thumbnail.jpg?width=480,https://vz-e81debcf-c73.b-cdn.net/97891cdc-defd-41a4-a9ce-deb04adcc8ab/playlist.m3u8,,,,,,,Sophie Little,,,,,,False,200,404,image/jpeg,text/html
98e4694e-ecf5-4fd4-9521-a998022cf00a,,tag,https://abdlhub.com/?v=98e4694e-ecf5-4fd4-9521-a998022cf00a,https://vz-e81debcf-c73.b-cdn.net/98e4694e-ecf5-4fd4-9521-a998022cf00a/thumbnail.jpg?width=480,https://vz-e81debcf-c73.b-cdn.net/98e4694e-ecf5-4fd4-9521-a998022cf00a/playlist.m3u8,,,,,,,diaper; Sophie Little,,,,,,False,200,404,image/jpeg,text/html
98ed58a4-1a65-4c86-ae88-149dd9d2c4e2,,tag,https://abdlhub.com/?v=98ed58a4-1a65-4c86-ae88-149dd9d2c4e2,https://vz-e81debcf-c73.b-cdn.net/98ed58a4-1a65-4c86-ae88-149dd9d2c4e2/thumbnail.jpg?width=480,https://vz-e81debcf-c73.b-cdn.net/98ed58a4-1a65-4c86-ae88-149dd9d2c4e2/playlist.m3u8,,,,,,,Sophie Little,,,,,,False,200,404,image/jpeg,text/html
99439766-04fb-4b4b-8960-7d8881c8081c,,tag,https://abdlhub.com/?v=99439766-04fb-4b4b-8960-7d8881c8081c,https://vz-e81debcf-c73.b-cdn.net/99439766-04fb-4b4b-8960-7d8881c8081c/thumbnail.jpg?width=480,https://vz-e81debcf-c73.b-cdn.net/99439766-04fb-4b4b-8960-7d8881c8081c/playlist.m3u8,,,,,,,Sophie Little,,,,,,False,200,404,image/jpeg,text/html
997fc339-650a-4bf8-90ef-9a1045d37866,,tag,https://abdlhub.com/?v=997fc339-650a-4bf8-90ef-9a1045d37866,https://vz-e81debcf-c73.b-cdn.net/997fc339-650a-4bf8-90ef-9a1045d37866/thumbnail.jpg?width=480,https://vz-e81debcf-c73.b-cdn.net/997fc339-650a-4bf8-90ef-9a1045d37866/playlist.m3u8,,,,,,,Sophie Little,,,,,,False,200,404,image/jpeg,text/html
9a74a713-7722-439e-899d-6780418ed8b4,,tag,https://abdlhub.com/?v=9a74a713-7722-439e-899d-6780418ed8b4,https://vz-e81debcf-c73.b-cdn.net/9a74a713-7722-439e-899d-6780418ed8b4/thumbnail.jpg?width=480,https://vz-e81debcf-c73.b-cdn.net/9a74a713-7722-439e-899d-6780418ed8b4/playlist.m3u8,,,,,,,changing; Sophie Little,,,,,,False,200,404,image/jpeg,text/html
9af3831b-7b9a-4fd1-a983-2608304da660,,tag,https://abdlhub.com/?v=9af3831b-7b9a-4fd1-a983-2608304da660,https://vz-e81debcf-c73.b-cdn.net/9af3831b-7b9a-4fd1-a983-2608304da660/thumbnail.jpg?width=480,https://vz-e81debcf-c73.b-cdn.net/9af3831b-7b9a-4fd1-a983-2608304da660/playlist.m3u8,,,,,,,Sophie Little,,,,,,False,200,404,image/jpeg,text/html
9c244381-f538-44c3-8b1c-71c3181ba02c,,tag,https://abdlhub.com/?v=9c244381-f538-44c3-8b1c-71c3181ba02c,https://vz-e81debcf-c73.b-cdn.net/9c244381-f538-44c3-8b1c-71c3181ba02c/thumbnail.jpg?width=480,https://vz-e81debcf-c73.b-cdn.net/9c244381-f538-44c3-8b1c-71c3181ba02c/playlist.m3u8,,,,,,,Sophie Little,,,,,,False,200,404,image/jpeg,text/html
9c2aa43f-3e5a-45fc-a4cd-35f19ed110d4,,tag,https://abdlhub.com/?v=9c2aa43f-3e5a-45fc-a4cd-35f19ed110d4,https://vz-e81debcf-c73.b-cdn.net/9c2aa43f-3e5a-45fc-a4cd-35f19ed110d4/thumbnail.jpg?width=480,https://vz-e81debcf-c73.b-cdn.net/9c2aa43f-3e5a-45fc-a4cd-35f19ed110d4/playlist.m3u8,,,,,,,Sophie Little,,,,,,False,200,404,image/jpeg,text/html
9c4033b5-a1fd-4c1b-8de6-642dacf5f18a,,tag,https://abdlhub.com/?v=9c4033b5-a1fd-4c1b-8de6-642dacf5f18a,https://vz-e81debcf-c73.b-cdn.net/9c4033b5-a1fd-4c1b-8de6-642dacf5f18a/thumbnail.jpg?width=480,https://vz-e81debcf-c73.b-cdn.net/9c4033b5-a1fd-4c1b-8de6-642dacf5f18a/playlist.m3u8,,,,,,,diaper; Sophie Little,,,,,,False,200,404,image/jpeg,text/html
9d361bae-0a1c-4691-9362-ecfbf925cef4,,tag,https://abdlhub.com/?v=9d361bae-0a1c-4691-9362-ecfbf925cef4,https://vz-e81debcf-c73.b-cdn.net/9d361bae-0a1c-4691-9362-ecfbf925cef4/thumbnail.jpg?width=480,https://vz-e81debcf-c73.b-cdn.net/9d361bae-0a1c-4691-9362-ecfbf925cef4/playlist.m3u8,,,,,,,pov; Sophie Little,,,,,,False,200,404,image/jpeg,text/html
9d3abe09-5937-4dcf-ba0d-64f5647adaec,,tag,https://abdlhub.com/?v=9d3abe09-5937-4dcf-ba0d-64f5647adaec,https://vz-e81debcf-c73.b-cdn.net/9d3abe09-5937-4dcf-ba0d-64f5647adaec/thumbnail.jpg?width=480,https://vz-e81debcf-c73.b-cdn.net/9d3abe09-5937-4dcf-ba0d-64f5647adaec/playlist.m3u8,,,,,,,Sophie Little,,,,,,False,200,404,image/jpeg,text/html
9da1dfde-6eae-4ef3-8d58-bee02d822ba4,,tag,https://abdlhub.com/?v=9da1dfde-6eae-4ef3-8d58-bee02d822ba4,https://vz-e81debcf-c73.b-cdn.net/9da1dfde-6eae-4ef3-8d58-bee02d822ba4/thumbnail.jpg?width=480,https://vz-e81debcf-c73.b-cdn.net/9da1dfde-6eae-4ef3-8d58-bee02d822ba4/playlist.m3u8,,,,,,,diaper; changing; Sophie Little,,,,,,False,200,404,image/jpeg,text/html
9dee5376-aacb-4c2b-8b32-e577dea2d383,,tag,https://abdlhub.com/?v=9dee5376-aacb-4c2b-8b32-e577dea2d383,https://vz-e81debcf-c73.b-cdn.net/9dee5376-aacb-4c2b-8b32-e577dea2d383/thumbnail.jpg?width=480,https://vz-e81debcf-c73.b-cdn.net/9dee5376-aacb-4c2b-8b32-e577dea2d383/playlist.m3u8,,,,,,,diaper; pov; Sophie Little,,,,,,False,200,404,image/jpeg,text/html
9faadfad-039b-4d8a-bdbe-66ac527d5fd6,,tag,https://abdlhub.com/?v=9faadfad-039b-4d8a-bdbe-66ac527d5fd6,https://vz-e81debcf-c73.b-cdn.net/9faadfad-039b-4d8a-bdbe-66ac527d5fd6/thumbnail.jpg?width=480,https://vz-e81debcf-c73.b-cdn.net/9faadfad-039b-4d8a-bdbe-66ac527d5fd6/playlist.m3u8,,,,,,,pov; Sophie Little,,,,,,False,200,404,image/jpeg,text/html
9fb1c8ed-97bc-40ba-b2d1-1d3e378ae103,,tag,https://abdlhub.com/?v=9fb1c8ed-97bc-40ba-b2d1-1d3e378ae103,https://vz-e81debcf-c73.b-cdn.net/9fb1c8ed-97bc-40ba-b2d1-1d3e378ae103/thumbnail.jpg?width=480,https://vz-e81debcf-c73.b-cdn.net/9fb1c8ed-97bc-40ba-b2d1-1d3e378ae103/playlist.m3u8,,,,,,,Sophie Little,,,,,,False,200,404,image/jpeg,text/html
a04893ba-645c-4cc9-b62f-7d8cd656a87b,,tag,https://abdlhub.com/?v=a04893ba-645c-4cc9-b62f-7d8cd656a87b,https://vz-e81debcf-c73.b-cdn.net/a04893ba-645c-4cc9-b62f-7d8cd656a87b/thumbnail.jpg?width=480,https://vz-e81debcf-c73.b-cdn.net/a04893ba-645c-4cc9-b62f-7d8cd656a87b/playlist.m3u8,,,,,,,Sophie Little,,,,,,False,200,404,image/jpeg,text/html
a0f82a70-d6ee-4fd4-a738-c8f419f204d9,,tag,https://abdlhub.com/?v=a0f82a70-d6ee-4fd4-a738-c8f419f204d9,https://vz-e81debcf-c73.b-cdn.net/a0f82a70-d6ee-4fd4-a738-c8f419f204d9/thumbnail.jpg?width=480,https://vz-e81debcf-c73.b-cdn.net/a0f82a70-d6ee-4fd4-a738-c8f419f204d9/playlist.m3u8,,,,,,,diaper; Sophie Little,,,,,,False,200,404,image/jpeg,text/html
a1511276-fa9f-4f39-b225-6932e87348a5,,tag,https://abdlhub.com/?v=a1511276-fa9f-4f39-b225-6932e87348a5,https://vz-e81debcf-c73.b-cdn.net/a1511276-fa9f-4f39-b225-6932e87348a5/thumbnail.jpg?width=480,https://vz-e81debcf-c73.b-cdn.net/a1511276-fa9f-4f39-b225-6932e87348a5/playlist.m3u8,,,,,,,Sophie Little,,,,,,False,200,404,image/jpeg,text/html
a1622d22-ed62-4b6b-ad11-4227b7a452f0,,tag,https://abdlhub.com/?v=a1622d22-ed62-4b6b-ad11-4227b7a452f0,https://vz-e81debcf-c73.b-cdn.net/a1622d22-ed62-4b6b-ad11-4227b7a452f0/thumbnail.jpg?width=480,https://vz-e81debcf-c73.b-cdn.net/a1622d22-ed62-4b6b-ad11-4227b7a452f0/playlist.m3u8,,,,,,,diaper; vlog; Sophie Little,,,,,,False,200,404,image/jpeg,text/html
a1dd9515-efad-4454-ad19-be75aa329ccd,,tag,https://abdlhub.com/?v=a1dd9515-efad-4454-ad19-be75aa329ccd,https://vz-e81debcf-c73.b-cdn.net/a1dd9515-efad-4454-ad19-be75aa329ccd/thumbnail.jpg?width=480,https://vz-e81debcf-c73.b-cdn.net/a1dd9515-efad-4454-ad19-be75aa329ccd/playlist.m3u8,,,,,,,diaper; Sophie Little,,,,,,False,200,404,image/jpeg,text/html
a2116778-a813-4030-a244-7708094c6e54,,tag,https://abdlhub.com/?v=a2116778-a813-4030-a244-7708094c6e54,https://vz-e81debcf-c73.b-cdn.net/a2116778-a813-4030-a244-7708094c6e54/thumbnail.jpg?width=480,https://vz-e81debcf-c73.b-cdn.net/a2116778-a813-4030-a244-7708094c6e54/playlist.m3u8,,,,,,,Sophie Little,,,,,,False,200,404,image/jpeg,text/html
a219f962-e1a1-4343-9b22-fcf15f78101c,,tag,https://abdlhub.com/?v=a219f962-e1a1-4343-9b22-fcf15f78101c,https://vz-e81debcf-c73.b-cdn.net/a219f962-e1a1-4343-9b22-fcf15f78101c/thumbnail.jpg?width=480,https://vz-e81debcf-c73.b-cdn.net/a219f962-e1a1-4343-9b22-fcf15f78101c/playlist.m3u8,,,,,,,diaper; Sophie Little,,,,,,False,200,404,image/jpeg,text/html
a2309203-21f1-4d77-af3c-fc304b8a3437,,tag,https://abdlhub.com/?v=a2309203-21f1-4d77-af3c-fc304b8a3437,https://vz-e81debcf-c73.b-cdn.net/a2309203-21f1-4d77-af3c-fc304b8a3437/thumbnail.jpg?width=480,https://vz-e81debcf-c73.b-cdn.net/a2309203-21f1-4d77-af3c-fc304b8a3437/playlist.m3u8,,,,,,,pov; Sophie Little,,,,,,False,200,404,image/jpeg,text/html
a39f3e69-d056-4a6f-8d1d-578ed3abb604,,tag,https://abdlhub.com/?v=a39f3e69-d056-4a6f-8d1d-578ed3abb604,https://vz-e81debcf-c73.b-cdn.net/a39f3e69-d056-4a6f-8d1d-578ed3abb604/thumbnail.jpg?width=480,https://vz-e81debcf-c73.b-cdn.net/a39f3e69-d056-4a6f-8d1d-578ed3abb604/playlist.m3u8,,,,,,,Sophie Little,,,,,,False,200,404,image/jpeg,text/html
a3ba79f6-beef-4fb2-aa54-5f2dacccf5a0,,tag,https://abdlhub.com/?v=a3ba79f6-beef-4fb2-aa54-5f2dacccf5a0,https://vz-e81debcf-c73.b-cdn.net/a3ba79f6-beef-4fb2-aa54-5f2dacccf5a0/thumbnail.jpg?width=480,https://vz-e81debcf-c73.b-cdn.net/a3ba79f6-beef-4fb2-aa54-5f2dacccf5a0/playlist.m3u8,,,,,,,diaper; mess; changing; vlog; Sophie Little,,,,,,False,200,404,image/jpeg,text/html
a3c6de70-dded-4606-8790-ebb0ab370d1b,,tag,https://abdlhub.com/?v=a3c6de70-dded-4606-8790-ebb0ab370d1b,https://vz-e81debcf-c73.b-cdn.net/a3c6de70-dded-4606-8790-ebb0ab370d1b/thumbnail.jpg?width=480,https://vz-e81debcf-c73.b-cdn.net/a3c6de70-dded-4606-8790-ebb0ab370d1b/playlist.m3u8,,,,,,,Sophie Little,,,,,,False,200,404,image/jpeg,text/html
a3fb4a8a-fd05-4391-be19-2cace1f22977,,tag,https://abdlhub.com/?v=a3fb4a8a-fd05-4391-be19-2cace1f22977,https://vz-e81debcf-c73.b-cdn.net/a3fb4a8a-fd05-4391-be19-2cace1f22977/thumbnail.jpg?width=480,https://vz-e81debcf-c73.b-cdn.net/a3fb4a8a-fd05-4391-be19-2cace1f22977/playlist.m3u8,,,,,,,diaper; changing; vlog; Sophie Little,,,,,,False,200,404,image/jpeg,text/html
a408367a-4243-4620-89f3-0d36ba724710,,tag,https://abdlhub.com/?v=a408367a-4243-4620-89f3-0d36ba724710,https://vz-e81debcf-c73.b-cdn.net/a408367a-4243-4620-89f3-0d36ba724710/thumbnail.jpg?width=480,https://vz-e81debcf-c73.b-cdn.net/a408367a-4243-4620-89f3-0d36ba724710/playlist.m3u8,,,,,,,pov; Sophie Little,,,,,,False,200,404,image/jpeg,text/html
a46ba804-e4af-450f-a22f-267152056ec6,,tag,https://abdlhub.com/?v=a46ba804-e4af-450f-a22f-267152056ec6,https://vz-e81debcf-c73.b-cdn.net/a46ba804-e4af-450f-a22f-267152056ec6/thumbnail.jpg?width=480,https://vz-e81debcf-c73.b-cdn.net/a46ba804-e4af-450f-a22f-267152056ec6/playlist.m3u8,,,,,,,Sophie Little,,,,,,False,200,404,image/jpeg,text/html
a52eb0ca-b35e-497b-bd2c-9b9255edd630,,tag,https://abdlhub.com/?v=a52eb0ca-b35e-497b-bd2c-9b9255edd630,https://vz-e81debcf-c73.b-cdn.net/a52eb0ca-b35e-497b-bd2c-9b9255edd630/thumbnail.jpg?width=480,https://vz-e81debcf-c73.b-cdn.net/a52eb0ca-b35e-497b-bd2c-9b9255edd630/playlist.m3u8,,,,,,,diaper; Sophie Little,,,,,,False,200,404,image/jpeg,text/html
a5cd541f-9b2c-458b-aa81-d1ef39daa063,,tag,https://abdlhub.com/?v=a5cd541f-9b2c-458b-aa81-d1ef39daa063,https://vz-e81debcf-c73.b-cdn.net/a5cd541f-9b2c-458b-aa81-d1ef39daa063/thumbnail.jpg?width=480,https://vz-e81debcf-c73.b-cdn.net/a5cd541f-9b2c-458b-aa81-d1ef39daa063/playlist.m3u8,,,,,,,diaper; Sophie Little,,,,,,False,200,404,image/jpeg,text/html
a69d27d8-34ab-4f25-8aa4-5456276a7bf5,,tag,https://abdlhub.com/?v=a69d27d8-34ab-4f25-8aa4-5456276a7bf5,https://vz-e81debcf-c73.b-cdn.net/a69d27d8-34ab-4f25-8aa4-5456276a7bf5/thumbnail.jpg?width=480,https://vz-e81debcf-c73.b-cdn.net/a69d27d8-34ab-4f25-8aa4-5456276a7bf5/playlist.m3u8,,,,,,,mess; Sophie Little,,,,,,False,200,404,image/jpeg,text/html
a7d0b28f-284c-43fa-987c-5156c9b1495a,,tag,https://abdlhub.com/?v=a7d0b28f-284c-43fa-987c-5156c9b1495a,https://vz-e81debcf-c73.b-cdn.net/a7d0b28f-284c-43fa-987c-5156c9b1495a/thumbnail.jpg?width=480,https://vz-e81debcf-c73.b-cdn.net/a7d0b28f-284c-43fa-987c-5156c9b1495a/playlist.m3u8,,,,,,,diaper; Sophie Little,,,,,,False,200,404,image/jpeg,text/html
a8d84f3c-93c7-4cf9-9b8e-01fc207c114c,,tag,https://abdlhub.com/?v=a8d84f3c-93c7-4cf9-9b8e-01fc207c114c,https://vz-e81debcf-c73.b-cdn.net/a8d84f3c-93c7-4cf9-9b8e-01fc207c114c/thumbnail.jpg?width=480,https://vz-e81debcf-c73.b-cdn.net/a8d84f3c-93c7-4cf9-9b8e-01fc207c114c/playlist.m3u8,,,,,,,Sophie Little,,,,,,False,200,404,image/jpeg,text/html
a904d077-c90c-44e0-884d-e819d72c14ad,,tag,https://abdlhub.com/?v=a904d077-c90c-44e0-884d-e819d72c14ad,https://vz-e81debcf-c73.b-cdn.net/a904d077-c90c-44e0-884d-e819d72c14ad/thumbnail.jpg?width=480,https://vz-e81debcf-c73.b-cdn.net/a904d077-c90c-44e0-884d-e819d72c14ad/playlist.m3u8,,,,,,,diaper; Sophie Little,,,,,,False,200,404,image/jpeg,text/html
a95a5594-1b88-4e6b-809a-38047cb5fdc9,,tag,https://abdlhub.com/?v=a95a5594-1b88-4e6b-809a-38047cb5fdc9,https://vz-e81debcf-c73.b-cdn.net/a95a5594-1b88-4e6b-809a-38047cb5fdc9/thumbnail.jpg?width=480,https://vz-e81debcf-c73.b-cdn.net/a95a5594-1b88-4e6b-809a-38047cb5fdc9/playlist.m3u8,,,,,,,diaper; Sophie Little,,,,,,False,200,404,image/jpeg,text/html
aa4928ed-8239-4233-b6e4-f72b7f3d3f29,,tag,https://abdlhub.com/?v=aa4928ed-8239-4233-b6e4-f72b7f3d3f29,https://vz-e81debcf-c73.b-cdn.net/aa4928ed-8239-4233-b6e4-f72b7f3d3f29/thumbnail.jpg?width=480,https://vz-e81debcf-c73.b-cdn.net/aa4928ed-8239-4233-b6e4-f72b7f3d3f29/playlist.m3u8,,,,,,,Sophie Little,,,,,,False,200,404,image/jpeg,text/html
aa7e1999-4fe6-4303-8f16-055ec2b4b2dd,,tag,https://abdlhub.com/?v=aa7e1999-4fe6-4303-8f16-055ec2b4b2dd,https://vz-e81debcf-c73.b-cdn.net/aa7e1999-4fe6-4303-8f16-055ec2b4b2dd/thumbnail.jpg?width=480,https://vz-e81debcf-c73.b-cdn.net/aa7e1999-4fe6-4303-8f16-055ec2b4b2dd/playlist.m3u8,,,,,,,diaper; Sophie Little,,,,,,False,200,404,image/jpeg,text/html
aac9f75f-9747-4b58-afeb-2df4b7858a40,,tag,https://abdlhub.com/?v=aac9f75f-9747-4b58-afeb-2df4b7858a40,https://vz-e81debcf-c73.b-cdn.net/aac9f75f-9747-4b58-afeb-2df4b7858a40/thumbnail.jpg?width=480,https://vz-e81debcf-c73.b-cdn.net/aac9f75f-9747-4b58-afeb-2df4b7858a40/playlist.m3u8,,,,,,,diaper; vlog; Sophie Little,,,,,,False,200,404,image/jpeg,text/html
abbc6a0a-ad7f-4fe4-92c7-981e8fd2adf3,,tag,https://abdlhub.com/?v=abbc6a0a-ad7f-4fe4-92c7-981e8fd2adf3,https://vz-e81debcf-c73.b-cdn.net/abbc6a0a-ad7f-4fe4-92c7-981e8fd2adf3/thumbnail.jpg?width=480,https://vz-e81debcf-c73.b-cdn.net/abbc6a0a-ad7f-4fe4-92c7-981e8fd2adf3/playlist.m3u8,,,,,,,Sophie Little,,,,,,False,200,404,image/jpeg,text/html
ac5e2145-1c87-4be2-b965-833701603dcd,,tag,https://abdlhub.com/?v=ac5e2145-1c87-4be2-b965-833701603dcd,https://vz-e81debcf-c73.b-cdn.net/ac5e2145-1c87-4be2-b965-833701603dcd/thumbnail.jpg?width=480,https://vz-e81debcf-c73.b-cdn.net/ac5e2145-1c87-4be2-b965-833701603dcd/playlist.m3u8,,,,,,,Sophie Little,,,,,,False,200,404,image/jpeg,text/html
ac8420e6-c12d-470f-803e-a65b66b95ddb,,tag,https://abdlhub.com/?v=ac8420e6-c12d-470f-803e-a65b66b95ddb,https://vz-e81debcf-c73.b-cdn.net/ac8420e6-c12d-470f-803e-a65b66b95ddb/thumbnail.jpg?width=480,https://vz-e81debcf-c73.b-cdn.net/ac8420e6-c12d-470f-803e-a65b66b95ddb/playlist.m3u8,,,,,,,diaper; Sophie Little,,,,,,False,200,404,image/jpeg,text/html
ad248de5-b182-4586-9c8b-4a76f0edd218,,tag,https://abdlhub.com/?v=ad248de5-b182-4586-9c8b-4a76f0edd218,https://vz-e81debcf-c73.b-cdn.net/ad248de5-b182-4586-9c8b-4a76f0edd218/thumbnail.jpg?width=480,https://vz-e81debcf-c73.b-cdn.net/ad248de5-b182-4586-9c8b-4a76f0edd218/playlist.m3u8,,,,,,,diaper; vlog; Sophie Little,,,,,,False,200,404,image/jpeg,text/html
ad5f52a9-7c2d-42c5-b33d-4d07a577f538,,tag,https://abdlhub.com/?v=ad5f52a9-7c2d-42c5-b33d-4d07a577f538,https://vz-e81debcf-c73.b-cdn.net/ad5f52a9-7c2d-42c5-b33d-4d07a577f538/thumbnail.jpg?width=480,https://vz-e81debcf-c73.b-cdn.net/ad5f52a9-7c2d-42c5-b33d-4d07a577f538/playlist.m3u8,,,,,,,diaper; Sophie Little,,,,,,False,200,404,image/jpeg,text/html
aeec8224-4e23-45d2-90ab-1b45b7204d27,,tag,https://abdlhub.com/?v=aeec8224-4e23-45d2-90ab-1b45b7204d27,https://vz-e81debcf-c73.b-cdn.net/aeec8224-4e23-45d2-90ab-1b45b7204d27/thumbnail.jpg?width=480,https://vz-e81debcf-c73.b-cdn.net/aeec8224-4e23-45d2-90ab-1b45b7204d27/playlist.m3u8,,,,,,,diaper; vlog; Sophie Little,,,,,,False,200,404,image/jpeg,text/html
aeee112b-c388-4cdc-9b15-f9c74a9fd35c,,tag,https://abdlhub.com/?v=aeee112b-c388-4cdc-9b15-f9c74a9fd35c,https://vz-e81debcf-c73.b-cdn.net/aeee112b-c388-4cdc-9b15-f9c74a9fd35c/thumbnail.jpg?width=480,https://vz-e81debcf-c73.b-cdn.net/aeee112b-c388-4cdc-9b15-f9c74a9fd35c/playlist.m3u8,,,,,,,Sophie Little,,,,,,False,200,404,image/jpeg,text/html
af5dbdf0-5926-42cc-951a-c5a335a90e9d,,tag,https://abdlhub.com/?v=af5dbdf0-5926-42cc-951a-c5a335a90e9d,https://vz-e81debcf-c73.b-cdn.net/af5dbdf0-5926-42cc-951a-c5a335a90e9d/thumbnail.jpg?width=480,https://vz-e81debcf-c73.b-cdn.net/af5dbdf0-5926-42cc-951a-c5a335a90e9d/playlist.m3u8,,,,,,,Sophie Little,,,,,,False,200,404,image/jpeg,text/html
afc317fe-6193-48a3-851c-c4dd911fe266,,tag,https://abdlhub.com/?v=afc317fe-6193-48a3-851c-c4dd911fe266,https://vz-e81debcf-c73.b-cdn.net/afc317fe-6193-48a3-851c-c4dd911fe266/thumbnail.jpg?width=480,https://vz-e81debcf-c73.b-cdn.net/afc317fe-6193-48a3-851c-c4dd911fe266/playlist.m3u8,,,,,,,diaper; nursery; crib; changing; vlog; Sophie Little,,,,,,False,200,404,image/jpeg,text/html
afd4024d-49b2-4358-aeea-69dabe0b4ed1,,tag,https://abdlhub.com/?v=afd4024d-49b2-4358-aeea-69dabe0b4ed1,https://vz-e81debcf-c73.b-cdn.net/afd4024d-49b2-4358-aeea-69dabe0b4ed1/thumbnail.jpg?width=480,https://vz-e81debcf-c73.b-cdn.net/afd4024d-49b2-4358-aeea-69dabe0b4ed1/playlist.m3u8,,,,,,,pov; Sophie Little,,,,,,False,200,404,image/jpeg,text/html
b0fcb386-911a-4442-9ae7-e0457e546315,,tag,https://abdlhub.com/?v=b0fcb386-911a-4442-9ae7-e0457e546315,https://vz-e81debcf-c73.b-cdn.net/b0fcb386-911a-4442-9ae7-e0457e546315/thumbnail.jpg?width=480,https://vz-e81debcf-c73.b-cdn.net/b0fcb386-911a-4442-9ae7-e0457e546315/playlist.m3u8,,,,,,,diaper; Sophie Little,,,,,,False,200,404,image/jpeg,text/html
b309daa8-45a5-43ac-9ace-2a2ab2f6c280,,tag,https://abdlhub.com/?v=b309daa8-45a5-43ac-9ace-2a2ab2f6c280,https://vz-e81debcf-c73.b-cdn.net/b309daa8-45a5-43ac-9ace-2a2ab2f6c280/thumbnail.jpg?width=480,https://vz-e81debcf-c73.b-cdn.net/b309daa8-45a5-43ac-9ace-2a2ab2f6c280/playlist.m3u8,,,,,,,Sophie Little,,,,,,False,200,404,image/jpeg,text/html
b3d38bb9-d6f1-4dbe-acd3-9e677a457205,,tag,https://abdlhub.com/?v=b3d38bb9-d6f1-4dbe-acd3-9e677a457205,https://vz-e81debcf-c73.b-cdn.net/b3d38bb9-d6f1-4dbe-acd3-9e677a457205/thumbnail.jpg?width=480,https://vz-e81debcf-c73.b-cdn.net/b3d38bb9-d6f1-4dbe-acd3-9e677a457205/playlist.m3u8,,,,,,,Sophie Little,,,,,,False,200,404,image/jpeg,text/html
b465c6c4-1b49-472d-ac96-fb2091b70a33,,tag,https://abdlhub.com/?v=b465c6c4-1b49-472d-ac96-fb2091b70a33,https://vz-e81debcf-c73.b-cdn.net/b465c6c4-1b49-472d-ac96-fb2091b70a33/thumbnail.jpg?width=480,https://vz-e81debcf-c73.b-cdn.net/b465c6c4-1b49-472d-ac96-fb2091b70a33/playlist.m3u8,,,,,,,diaper; changing; Sophie Little,,,,,,False,200,404,image/jpeg,text/html
b49ea015-8aba-47dc-bc61-df07d45bc796,,tag,https://abdlhub.com/?v=b49ea015-8aba-47dc-bc61-df07d45bc796,https://vz-e81debcf-c73.b-cdn.net/b49ea015-8aba-47dc-bc61-df07d45bc796/thumbnail.jpg?width=480,https://vz-e81debcf-c73.b-cdn.net/b49ea015-8aba-47dc-bc61-df07d45bc796/playlist.m3u8,,,,,,,changing; Sophie Little,,,,,,False,200,404,image/jpeg,text/html
b53776e0-69b9-48b7-b8ce-f7fb46b67663,,tag,https://abdlhub.com/?v=b53776e0-69b9-48b7-b8ce-f7fb46b67663,https://vz-e81debcf-c73.b-cdn.net/b53776e0-69b9-48b7-b8ce-f7fb46b67663/thumbnail.jpg?width=480,https://vz-e81debcf-c73.b-cdn.net/b53776e0-69b9-48b7-b8ce-f7fb46b67663/playlist.m3u8,,,,,,,diaper; Sophie Little,,,,,,False,200,404,image/jpeg,text/html
b554d6da-7ec7-4222-98f9-bb6397d1fd55,,tag,https://abdlhub.com/?v=b554d6da-7ec7-4222-98f9-bb6397d1fd55,https://vz-e81debcf-c73.b-cdn.net/b554d6da-7ec7-4222-98f9-bb6397d1fd55/thumbnail.jpg?width=480,https://vz-e81debcf-c73.b-cdn.net/b554d6da-7ec7-4222-98f9-bb6397d1fd55/playlist.m3u8,,,,,,,Sophie Little,,,,,,False,200,404,image/jpeg,text/html
b578c1de-e7b2-413f-8723-76747cba3459,,tag,https://abdlhub.com/?v=b578c1de-e7b2-413f-8723-76747cba3459,https://vz-e81debcf-c73.b-cdn.net/b578c1de-e7b2-413f-8723-76747cba3459/thumbnail.jpg?width=480,https://vz-e81debcf-c73.b-cdn.net/b578c1de-e7b2-413f-8723-76747cba3459/playlist.m3u8,,,,,,,diaper; Sophie Little,,,,,,False,200,404,image/jpeg,text/html
b5bf9a86-1816-4e64-92b8-60511997523d,,tag,https://abdlhub.com/?v=b5bf9a86-1816-4e64-92b8-60511997523d,https://vz-e81debcf-c73.b-cdn.net/b5bf9a86-1816-4e64-92b8-60511997523d/thumbnail.jpg?width=480,https://vz-e81debcf-c73.b-cdn.net/b5bf9a86-1816-4e64-92b8-60511997523d/playlist.m3u8,,,,,,,Sophie Little,,,,,,False,200,404,image/jpeg,text/html
b61bf725-d3aa-4e34-872e-c04ad476a6b2,,tag,https://abdlhub.com/?v=b61bf725-d3aa-4e34-872e-c04ad476a6b2,https://vz-e81debcf-c73.b-cdn.net/b61bf725-d3aa-4e34-872e-c04ad476a6b2/thumbnail.jpg?width=480,https://vz-e81debcf-c73.b-cdn.net/b61bf725-d3aa-4e34-872e-c04ad476a6b2/playlist.m3u8,,,,,,,Sophie Little,,,,,,False,200,404,image/jpeg,text/html
b7008f18-b411-48ac-9b93-8b8fd8a12c59,,tag,https://abdlhub.com/?v=b7008f18-b411-48ac-9b93-8b8fd8a12c59,https://vz-e81debcf-c73.b-cdn.net/b7008f18-b411-48ac-9b93-8b8fd8a12c59/thumbnail.jpg?width=480,https://vz-e81debcf-c73.b-cdn.net/b7008f18-b411-48ac-9b93-8b8fd8a12c59/playlist.m3u8,,,,,,,Sophie Little,,,,,,False,200,404,image/jpeg,text/html
b7065292-00b7-4739-bf9e-19093a2bf564,,tag,https://abdlhub.com/?v=b7065292-00b7-4739-bf9e-19093a2bf564,https://vz-e81debcf-c73.b-cdn.net/b7065292-00b7-4739-bf9e-19093a2bf564/thumbnail.jpg?width=480,https://vz-e81debcf-c73.b-cdn.net/b7065292-00b7-4739-bf9e-19093a2bf564/playlist.m3u8,,,,,,,diaper; changing; Sophie Little,,,,,,False,200,404,image/jpeg,text/html
b735202a-4890-4a21-bbbf-b6a5a4e44f75,,tag,https://abdlhub.com/?v=b735202a-4890-4a21-bbbf-b6a5a4e44f75,https://vz-e81debcf-c73.b-cdn.net/b735202a-4890-4a21-bbbf-b6a5a4e44f75/thumbnail.jpg?width=480,https://vz-e81debcf-c73.b-cdn.net/b735202a-4890-4a21-bbbf-b6a5a4e44f75/playlist.m3u8,,,,,,,diaper; Sophie Little,,,,,,False,200,404,image/jpeg,text/html
b772bdad-32e0-4072-abb1-35bfdd0fab58,,tag,https://abdlhub.com/?v=b772bdad-32e0-4072-abb1-35bfdd0fab58,https://vz-e81debcf-c73.b-cdn.net/b772bdad-32e0-4072-abb1-35bfdd0fab58/thumbnail.jpg?width=480,https://vz-e81debcf-c73.b-cdn.net/b772bdad-32e0-4072-abb1-35bfdd0fab58/playlist.m3u8,,,,,,,Sophie Little,,,,,,False,200,404,image/jpeg,text/html
b7be2962-cc09-4771-91fe-905b973fd604,,tag,https://abdlhub.com/?v=b7be2962-cc09-4771-91fe-905b973fd604,https://vz-e81debcf-c73.b-cdn.net/b7be2962-cc09-4771-91fe-905b973fd604/thumbnail.jpg?width=480,https://vz-e81debcf-c73.b-cdn.net/b7be2962-cc09-4771-91fe-905b973fd604/playlist.m3u8,,,,,,,Sophie Little,,,,,,False,200,404,image/jpeg,text/html
b7ca902a-2a91-4f4d-bfcb-d234f4a4298a,,tag,https://abdlhub.com/?v=b7ca902a-2a91-4f4d-bfcb-d234f4a4298a,https://vz-e81debcf-c73.b-cdn.net/b7ca902a-2a91-4f4d-bfcb-d234f4a4298a/thumbnail.jpg?width=480,https://vz-e81debcf-c73.b-cdn.net/b7ca902a-2a91-4f4d-bfcb-d234f4a4298a/playlist.m3u8,,,,,,,Sophie Little,,,,,,False,200,404,image/jpeg,text/html
b7dee3d6-5ac1-4102-a81d-cbc4b7059f7d,,tag,https://abdlhub.com/?v=b7dee3d6-5ac1-4102-a81d-cbc4b7059f7d,https://vz-e81debcf-c73.b-cdn.net/b7dee3d6-5ac1-4102-a81d-cbc4b7059f7d/thumbnail.jpg?width=480,https://vz-e81debcf-c73.b-cdn.net/b7dee3d6-5ac1-4102-a81d-cbc4b7059f7d/playlist.m3u8,,,,,,,diaper; pov; Sophie Little,,,,,,False,200,404,image/jpeg,text/html
b98156d6-3fa0-4295-ac34-694687f77561,,tag,https://abdlhub.com/?v=b98156d6-3fa0-4295-ac34-694687f77561,https://vz-e81debcf-c73.b-cdn.net/b98156d6-3fa0-4295-ac34-694687f77561/thumbnail.jpg?width=480,https://vz-e81debcf-c73.b-cdn.net/b98156d6-3fa0-4295-ac34-694687f77561/playlist.m3u8,,,,,,,diaper; Sophie Little,,,,,,False,200,404,image/jpeg,text/html
b9969a7d-b092-49df-887a-6e8a2d8a64ff,,tag,https://abdlhub.com/?v=b9969a7d-b092-49df-887a-6e8a2d8a64ff,https://vz-e81debcf-c73.b-cdn.net/b9969a7d-b092-49df-887a-6e8a2d8a64ff/thumbnail.jpg?width=480,https://vz-e81debcf-c73.b-cdn.net/b9969a7d-b092-49df-887a-6e8a2d8a64ff/playlist.m3u8,,,,,,,diaper; Sophie Little,,,,,,False,200,404,image/jpeg,text/html
b99e5031-a174-4525-bd1e-bef3e915a1db,,tag,https://abdlhub.com/?v=b99e5031-a174-4525-bd1e-bef3e915a1db,https://vz-e81debcf-c73.b-cdn.net/b99e5031-a174-4525-bd1e-bef3e915a1db/thumbnail.jpg?width=480,https://vz-e81debcf-c73.b-cdn.net/b99e5031-a174-4525-bd1e-bef3e915a1db/playlist.m3u8,,,,,,,diaper; pov; Sophie Little,,,,,,False,200,404,image/jpeg,text/html
b9dd633d-16c5-47b5-b506-dd5ae711b56a,,tag,https://abdlhub.com/?v=b9dd633d-16c5-47b5-b506-dd5ae711b56a,https://vz-e81debcf-c73.b-cdn.net/b9dd633d-16c5-47b5-b506-dd5ae711b56a/thumbnail.jpg?width=480,https://vz-e81debcf-c73.b-cdn.net/b9dd633d-16c5-47b5-b506-dd5ae711b56a/playlist.m3u8,,,,,,,onesie; Sophie Little,,,,,,False,200,404,image/jpeg,text/html
b9ec204e-63b8-4f0c-99b8-c23001cd9d31,,tag,https://abdlhub.com/?v=b9ec204e-63b8-4f0c-99b8-c23001cd9d31,https://vz-e81debcf-c73.b-cdn.net/b9ec204e-63b8-4f0c-99b8-c23001cd9d31/thumbnail.jpg?width=480,https://vz-e81debcf-c73.b-cdn.net/b9ec204e-63b8-4f0c-99b8-c23001cd9d31/playlist.m3u8,,,,,,,vlog; Sophie Little,,,,,,False,200,404,image/jpeg,text/html
bacc68ba-0906-4c02-9dd6-af53ee6c90b3,,tag,https://abdlhub.com/?v=bacc68ba-0906-4c02-9dd6-af53ee6c90b3,https://vz-e81debcf-c73.b-cdn.net/bacc68ba-0906-4c02-9dd6-af53ee6c90b3/thumbnail.jpg?width=480,https://vz-e81debcf-c73.b-cdn.net/bacc68ba-0906-4c02-9dd6-af53ee6c90b3/playlist.m3u8,,,,,,,diaper; Sophie Little,,,,,,False,200,404,image/jpeg,text/html
bb12d761-0c56-4950-bd4a-81ef9cc1b78c,,tag,https://abdlhub.com/?v=bb12d761-0c56-4950-bd4a-81ef9cc1b78c,https://vz-e81debcf-c73.b-cdn.net/bb12d761-0c56-4950-bd4a-81ef9cc1b78c/thumbnail.jpg?width=480,https://vz-e81debcf-c73.b-cdn.net/bb12d761-0c56-4950-bd4a-81ef9cc1b78c/playlist.m3u8,,,,,,,vlog; Sophie Little,,,,,,False,200,404,image/jpeg,text/html
bb9df577-9eab-479c-b5e8-1f97d1190c34,,tag,https://abdlhub.com/?v=bb9df577-9eab-479c-b5e8-1f97d1190c34,https://vz-e81debcf-c73.b-cdn.net/bb9df577-9eab-479c-b5e8-1f97d1190c34/thumbnail.jpg?width=480,https://vz-e81debcf-c73.b-cdn.net/bb9df577-9eab-479c-b5e8-1f97d1190c34/playlist.m3u8,,,,,,,diaper; Sophie Little,,,,,,False,200,404,image/jpeg,text/html
bbc071e1-340d-4ad7-be3e-86b2fa63bb3e,,tag,https://abdlhub.com/?v=bbc071e1-340d-4ad7-be3e-86b2fa63bb3e,https://vz-e81debcf-c73.b-cdn.net/bbc071e1-340d-4ad7-be3e-86b2fa63bb3e/thumbnail.jpg?width=480,https://vz-e81debcf-c73.b-cdn.net/bbc071e1-340d-4ad7-be3e-86b2fa63bb3e/playlist.m3u8,,,,,,,diaper; Sophie Little,,,,,,False,200,404,image/jpeg,text/html
bc215b28-1d7b-44a6-b228-3f6d47ea2d72,,tag,https://abdlhub.com/?v=bc215b28-1d7b-44a6-b228-3f6d47ea2d72,https://vz-e81debcf-c73.b-cdn.net/bc215b28-1d7b-44a6-b228-3f6d47ea2d72/thumbnail.jpg?width=480,https://vz-e81debcf-c73.b-cdn.net/bc215b28-1d7b-44a6-b228-3f6d47ea2d72/playlist.m3u8,,,,,,,diaper; Sophie Little,,,,,,False,200,404,image/jpeg,text/html
bc7bc654-19f3-45d9-8ca3-e5c702a865bd,,tag,https://abdlhub.com/?v=bc7bc654-19f3-45d9-8ca3-e5c702a865bd,https://vz-e81debcf-c73.b-cdn.net/bc7bc654-19f3-45d9-8ca3-e5c702a865bd/thumbnail.jpg?width=480,https://vz-e81debcf-c73.b-cdn.net/bc7bc654-19f3-45d9-8ca3-e5c702a865bd/playlist.m3u8,,,,,,,diaper; nursery; Sophie Little,,,,,,False,200,404,image/jpeg,text/html
bdcc182a-5336-4f28-8032-3cdad5b28252,,tag,https://abdlhub.com/?v=bdcc182a-5336-4f28-8032-3cdad5b28252,https://vz-e81debcf-c73.b-cdn.net/bdcc182a-5336-4f28-8032-3cdad5b28252/thumbnail.jpg?width=480,https://vz-e81debcf-c73.b-cdn.net/bdcc182a-5336-4f28-8032-3cdad5b28252/playlist.m3u8,,,,,,,Sophie Little,,,,,,False,200,404,image/jpeg,text/html
be12271a-a13e-4c5a-be7c-7eeb215baf5d,,tag,https://abdlhub.com/?v=be12271a-a13e-4c5a-be7c-7eeb215baf5d,https://vz-e81debcf-c73.b-cdn.net/be12271a-a13e-4c5a-be7c-7eeb215baf5d/thumbnail.jpg?width=480,https://vz-e81debcf-c73.b-cdn.net/be12271a-a13e-4c5a-be7c-7eeb215baf5d/playlist.m3u8,,,,,,,diaper; Sophie Little,,,,,,False,200,404,image/jpeg,text/html
be16f862-3cc2-4866-b72c-cd9f7c0df433,,tag,https://abdlhub.com/?v=be16f862-3cc2-4866-b72c-cd9f7c0df433,https://vz-e81debcf-c73.b-cdn.net/be16f862-3cc2-4866-b72c-cd9f7c0df433/thumbnail.jpg?width=480,https://vz-e81debcf-c73.b-cdn.net/be16f862-3cc2-4866-b72c-cd9f7c0df433/playlist.m3u8,,,,,,,diaper; Sophie Little,,,,,,False,200,404,image/jpeg,text/html
befd2b7b-0c10-4f38-b57a-410bbe4262dd,,tag,https://abdlhub.com/?v=befd2b7b-0c10-4f38-b57a-410bbe4262dd,https://vz-e81debcf-c73.b-cdn.net/befd2b7b-0c10-4f38-b57a-410bbe4262dd/thumbnail.jpg?width=480,https://vz-e81debcf-c73.b-cdn.net/befd2b7b-0c10-4f38-b57a-410bbe4262dd/playlist.m3u8,,,,,,,Sophie Little,,,,,,False,200,404,image/jpeg,text/html
bf4c19cb-cda5-4394-904f-1cf297cc0a15,,tag,https://abdlhub.com/?v=bf4c19cb-cda5-4394-904f-1cf297cc0a15,https://vz-e81debcf-c73.b-cdn.net/bf4c19cb-cda5-4394-904f-1cf297cc0a15/thumbnail.jpg?width=480,https://vz-e81debcf-c73.b-cdn.net/bf4c19cb-cda5-4394-904f-1cf297cc0a15/playlist.m3u8,,,,,,,Sophie Little,,,,,,False,200,404,image/jpeg,text/html
bf967e21-ea84-4dcf-81a3-eb2931451859,,tag,https://abdlhub.com/?v=bf967e21-ea84-4dcf-81a3-eb2931451859,https://vz-e81debcf-c73.b-cdn.net/bf967e21-ea84-4dcf-81a3-eb2931451859/thumbnail.jpg?width=480,https://vz-e81debcf-c73.b-cdn.net/bf967e21-ea84-4dcf-81a3-eb2931451859/playlist.m3u8,,,,,,,diaper; changing; vlog; Sophie Little,,,,,,False,200,404,image/jpeg,text/html
bfa0ae6b-b37c-40af-8cb7-d5422c978bab,,tag,https://abdlhub.com/?v=bfa0ae6b-b37c-40af-8cb7-d5422c978bab,https://vz-e81debcf-c73.b-cdn.net/bfa0ae6b-b37c-40af-8cb7-d5422c978bab/thumbnail.jpg?width=480,https://vz-e81debcf-c73.b-cdn.net/bfa0ae6b-b37c-40af-8cb7-d5422c978bab/playlist.m3u8,,,,,,,Sophie Little,,,,,,False,200,404,image/jpeg,text/html
c010939e-9c64-44a5-b4bc-5a8369ebadf1,,tag,https://abdlhub.com/?v=c010939e-9c64-44a5-b4bc-5a8369ebadf1,https://vz-e81debcf-c73.b-cdn.net/c010939e-9c64-44a5-b4bc-5a8369ebadf1/thumbnail.jpg?width=480,https://vz-e81debcf-c73.b-cdn.net/c010939e-9c64-44a5-b4bc-5a8369ebadf1/playlist.m3u8,,,,,,,Sophie Little,,,,,,False,200,404,image/jpeg,text/html
c03399ef-b0e9-4b67-b6db-0d3f42b03dc6,,tag,https://abdlhub.com/?v=c03399ef-b0e9-4b67-b6db-0d3f42b03dc6,https://vz-e81debcf-c73.b-cdn.net/c03399ef-b0e9-4b67-b6db-0d3f42b03dc6/thumbnail.jpg?width=480,https://vz-e81debcf-c73.b-cdn.net/c03399ef-b0e9-4b67-b6db-0d3f42b03dc6/playlist.m3u8,,,,,,,Sophie Little,,,,,,False,200,404,image/jpeg,text/html
c0d89081-0225-41c8-bbe9-04ccbea16923,,tag,https://abdlhub.com/?v=c0d89081-0225-41c8-bbe9-04ccbea16923,https://vz-e81debcf-c73.b-cdn.net/c0d89081-0225-41c8-bbe9-04ccbea16923/thumbnail.jpg?width=480,https://vz-e81debcf-c73.b-cdn.net/c0d89081-0225-41c8-bbe9-04ccbea16923/playlist.m3u8,,,,,,,diaper; Sophie Little,,,,,,False,200,404,image/jpeg,text/html
c18c3146-144a-416c-a7c4-1b732bc0b0ee,,tag,https://abdlhub.com/?v=c18c3146-144a-416c-a7c4-1b732bc0b0ee,https://vz-e81debcf-c73.b-cdn.net/c18c3146-144a-416c-a7c4-1b732bc0b0ee/thumbnail.jpg?width=480,https://vz-e81debcf-c73.b-cdn.net/c18c3146-144a-416c-a7c4-1b732bc0b0ee/playlist.m3u8,,,,,,,Sophie Little,,,,,,False,200,404,image/jpeg,text/html
c19577ec-db7c-4006-a082-7074760bd88a,,tag,https://abdlhub.com/?v=c19577ec-db7c-4006-a082-7074760bd88a,https://vz-e81debcf-c73.b-cdn.net/c19577ec-db7c-4006-a082-7074760bd88a/thumbnail.jpg?width=480,https://vz-e81debcf-c73.b-cdn.net/c19577ec-db7c-4006-a082-7074760bd88a/playlist.m3u8,,,,,,,Sophie Little,,,,,,False,200,404,image/jpeg,text/html
c30bb5c2-c908-4b94-8c16-9fe479e673d4,,tag,https://abdlhub.com/?v=c30bb5c2-c908-4b94-8c16-9fe479e673d4,https://vz-e81debcf-c73.b-cdn.net/c30bb5c2-c908-4b94-8c16-9fe479e673d4/thumbnail.jpg?width=480,https://vz-e81debcf-c73.b-cdn.net/c30bb5c2-c908-4b94-8c16-9fe479e673d4/playlist.m3u8,,,,,,,diaper; Sophie Little,,,,,,False,200,404,image/jpeg,text/html
c35b6679-59d5-41e8-8a8f-e1a5b7a3c09c,,tag,https://abdlhub.com/?v=c35b6679-59d5-41e8-8a8f-e1a5b7a3c09c,https://vz-e81debcf-c73.b-cdn.net/c35b6679-59d5-41e8-8a8f-e1a5b7a3c09c/thumbnail.jpg?width=480,https://vz-e81debcf-c73.b-cdn.net/c35b6679-59d5-41e8-8a8f-e1a5b7a3c09c/playlist.m3u8,,,,,,,diaper; vlog; Sophie Little,,,,,,False,200,404,image/jpeg,text/html
c3ac3203-5e11-4b8b-bd14-99126f7aa5b7,,tag,https://abdlhub.com/?v=c3ac3203-5e11-4b8b-bd14-99126f7aa5b7,https://vz-e81debcf-c73.b-cdn.net/c3ac3203-5e11-4b8b-bd14-99126f7aa5b7/thumbnail.jpg?width=480,https://vz-e81debcf-c73.b-cdn.net/c3ac3203-5e11-4b8b-bd14-99126f7aa5b7/playlist.m3u8,,,,,,,Sophie Little,,,,,,False,200,404,image/jpeg,text/html
c3dce757-dbaa-49ee-8401-a2a3b56f6aa9,,tag,https://abdlhub.com/?v=c3dce757-dbaa-49ee-8401-a2a3b56f6aa9,https://vz-e81debcf-c73.b-cdn.net/c3dce757-dbaa-49ee-8401-a2a3b56f6aa9/thumbnail.jpg?width=480,https://vz-e81debcf-c73.b-cdn.net/c3dce757-dbaa-49ee-8401-a2a3b56f6aa9/playlist.m3u8,,,,,,,diaper; vlog; Sophie Little,,,,,,False,200,404,image/jpeg,text/html
c4a4edf8-e241-486f-b8c1-b2b086978489,,tag,https://abdlhub.com/?v=c4a4edf8-e241-486f-b8c1-b2b086978489,https://vz-e81debcf-c73.b-cdn.net/c4a4edf8-e241-486f-b8c1-b2b086978489/thumbnail.jpg?width=480,https://vz-e81debcf-c73.b-cdn.net/c4a4edf8-e241-486f-b8c1-b2b086978489/playlist.m3u8,,,,,,,diaper; Sophie Little,,,,,,False,200,404,image/jpeg,text/html
c520d7fa-d88c-491b-b0c9-bbbec4e84432,,tag,https://abdlhub.com/?v=c520d7fa-d88c-491b-b0c9-bbbec4e84432,https://vz-e81debcf-c73.b-cdn.net/c520d7fa-d88c-491b-b0c9-bbbec4e84432/thumbnail.jpg?width=480,https://vz-e81debcf-c73.b-cdn.net/c520d7fa-d88c-491b-b0c9-bbbec4e84432/playlist.m3u8,,,,,,,diaper; mess; Sophie Little,,,,,,False,200,404,image/jpeg,text/html
c576c0d5-8736-4381-9d1b-d2d42666682b,,tag,https://abdlhub.com/?v=c576c0d5-8736-4381-9d1b-d2d42666682b,https://vz-e81debcf-c73.b-cdn.net/c576c0d5-8736-4381-9d1b-d2d42666682b/thumbnail.jpg?width=480,https://vz-e81debcf-c73.b-cdn.net/c576c0d5-8736-4381-9d1b-d2d42666682b/playlist.m3u8,,,,,,,pacifier; Sophie Little,,,,,,False,200,404,image/jpeg,text/html
c5abcf6f-18d5-4652-b8c1-2a8ac96eb413,,tag,https://abdlhub.com/?v=c5abcf6f-18d5-4652-b8c1-2a8ac96eb413,https://vz-e81debcf-c73.b-cdn.net/c5abcf6f-18d5-4652-b8c1-2a8ac96eb413/thumbnail.jpg?width=480,https://vz-e81debcf-c73.b-cdn.net/c5abcf6f-18d5-4652-b8c1-2a8ac96eb413/playlist.m3u8,,,,,,,diaper; Sophie Little,,,,,,False,200,404,image/jpeg,text/html
c623bb28-4644-4d65-8c0a-111c4a6da50c,,tag,https://abdlhub.com/?v=c623bb28-4644-4d65-8c0a-111c4a6da50c,https://vz-e81debcf-c73.b-cdn.net/c623bb28-4644-4d65-8c0a-111c4a6da50c/thumbnail.jpg?width=480,https://vz-e81debcf-c73.b-cdn.net/c623bb28-4644-4d65-8c0a-111c4a6da50c/playlist.m3u8,,,,,,,diaper; vlog; Sophie Little,,,,,,False,200,404,image/jpeg,text/html
c6250122-f7be-423b-985d-d0f8e28621a4,,tag,https://abdlhub.com/?v=c6250122-f7be-423b-985d-d0f8e28621a4,https://vz-e81debcf-c73.b-cdn.net/c6250122-f7be-423b-985d-d0f8e28621a4/thumbnail.jpg?width=480,https://vz-e81debcf-c73.b-cdn.net/c6250122-f7be-423b-985d-d0f8e28621a4/playlist.m3u8,,,,,,,diaper; vlog; Sophie Little,,,,,,False,200,404,image/jpeg,text/html
c6ae37b6-3580-4150-99a0-0939213bd2de,,tag,https://abdlhub.com/?v=c6ae37b6-3580-4150-99a0-0939213bd2de,https://vz-e81debcf-c73.b-cdn.net/c6ae37b6-3580-4150-99a0-0939213bd2de/thumbnail.jpg?width=480,https://vz-e81debcf-c73.b-cdn.net/c6ae37b6-3580-4150-99a0-0939213bd2de/playlist.m3u8,,,,,,,diaper; Sophie Little,,,,,,False,200,404,image/jpeg,text/html
c6f62bd6-069a-4621-b394-97bbb5b09c18,,tag,https://abdlhub.com/?v=c6f62bd6-069a-4621-b394-97bbb5b09c18,https://vz-e81debcf-c73.b-cdn.net/c6f62bd6-069a-4621-b394-97bbb5b09c18/thumbnail.jpg?width=480,https://vz-e81debcf-c73.b-cdn.net/c6f62bd6-069a-4621-b394-97bbb5b09c18/playlist.m3u8,,,,,,,diaper; vlog; Sophie Little,,,,,,False,200,404,image/jpeg,text/html
c73220b7-b927-4b5a-a4b2-c0a09483ee5c,,tag,https://abdlhub.com/?v=c73220b7-b927-4b5a-a4b2-c0a09483ee5c,https://vz-e81debcf-c73.b-cdn.net/c73220b7-b927-4b5a-a4b2-c0a09483ee5c/thumbnail.jpg?width=480,https://vz-e81debcf-c73.b-cdn.net/c73220b7-b927-4b5a-a4b2-c0a09483ee5c/playlist.m3u8,,,,,,,diaper; Sophie Little,,,,,,False,200,404,image/jpeg,text/html
c7511c85-3915-4d07-bd21-ffe4ba927401,,tag,https://abdlhub.com/?v=c7511c85-3915-4d07-bd21-ffe4ba927401,https://vz-e81debcf-c73.b-cdn.net/c7511c85-3915-4d07-bd21-ffe4ba927401/thumbnail.jpg?width=480,https://vz-e81debcf-c73.b-cdn.net/c7511c85-3915-4d07-bd21-ffe4ba927401/playlist.m3u8,,,,,,,diaper; pov; Sophie Little,,,,,,False,200,404,image/jpeg,text/html
c7555c85-5037-4712-9465-4720d8a15640,,tag,https://abdlhub.com/?v=c7555c85-5037-4712-9465-4720d8a15640,https://vz-e81debcf-c73.b-cdn.net/c7555c85-5037-4712-9465-4720d8a15640/thumbnail.jpg?width=480,https://vz-e81debcf-c73.b-cdn.net/c7555c85-5037-4712-9465-4720d8a15640/playlist.m3u8,,,,,,,diaper; vlog; Sophie Little,,,,,,False,200,404,image/jpeg,text/html
c85c0f7a-2d0a-41c5-94e9-e17b1ea4df22,,tag,https://abdlhub.com/?v=c85c0f7a-2d0a-41c5-94e9-e17b1ea4df22,https://vz-e81debcf-c73.b-cdn.net/c85c0f7a-2d0a-41c5-94e9-e17b1ea4df22/thumbnail.jpg?width=480,https://vz-e81debcf-c73.b-cdn.net/c85c0f7a-2d0a-41c5-94e9-e17b1ea4df22/playlist.m3u8,,,,,,,diaper; Sophie Little,,,,,,False,200,404,image/jpeg,text/html
c8b3ef9a-480f-4626-aa26-f42857dae9a8,,tag,https://abdlhub.com/?v=c8b3ef9a-480f-4626-aa26-f42857dae9a8,https://vz-e81debcf-c73.b-cdn.net/c8b3ef9a-480f-4626-aa26-f42857dae9a8/thumbnail.jpg?width=480,https://vz-e81debcf-c73.b-cdn.net/c8b3ef9a-480f-4626-aa26-f42857dae9a8/playlist.m3u8,,,,,,,diaper; Sophie Little,,,,,,False,200,404,image/jpeg,text/html
c8cf9ac0-ca9b-473d-b42d-3b24fa9d936d,,tag,https://abdlhub.com/?v=c8cf9ac0-ca9b-473d-b42d-3b24fa9d936d,https://vz-e81debcf-c73.b-cdn.net/c8cf9ac0-ca9b-473d-b42d-3b24fa9d936d/thumbnail.jpg?width=480,https://vz-e81debcf-c73.b-cdn.net/c8cf9ac0-ca9b-473d-b42d-3b24fa9d936d/playlist.m3u8,,,,,,,diaper; pov; Sophie Little,,,,,,False,200,404,image/jpeg,text/html
c948858f-1e07-4340-b788-2daa6532cad3,,tag,https://abdlhub.com/?v=c948858f-1e07-4340-b788-2daa6532cad3,https://vz-e81debcf-c73.b-cdn.net/c948858f-1e07-4340-b788-2daa6532cad3/thumbnail.jpg?width=480,https://vz-e81debcf-c73.b-cdn.net/c948858f-1e07-4340-b788-2daa6532cad3/playlist.m3u8,,,,,,,vlog; Sophie Little,,,,,,False,200,404,image/jpeg,text/html
c9ad3414-bfe3-471f-b4c2-558d2096b270,,tag,https://abdlhub.com/?v=c9ad3414-bfe3-471f-b4c2-558d2096b270,https://vz-e81debcf-c73.b-cdn.net/c9ad3414-bfe3-471f-b4c2-558d2096b270/thumbnail.jpg?width=480,https://vz-e81debcf-c73.b-cdn.net/c9ad3414-bfe3-471f-b4c2-558d2096b270/playlist.m3u8,,,,,,,Sophie Little,,,,,,False,200,404,image/jpeg,text/html
c9b4817c-e477-4384-9b35-ac693c561047,,tag,https://abdlhub.com/?v=c9b4817c-e477-4384-9b35-ac693c561047,https://vz-e81debcf-c73.b-cdn.net/c9b4817c-e477-4384-9b35-ac693c561047/thumbnail.jpg?width=480,https://vz-e81debcf-c73.b-cdn.net/c9b4817c-e477-4384-9b35-ac693c561047/playlist.m3u8,,,,,,,diaper; Sophie Little,,,,,,False,200,404,image/jpeg,text/html
c9dd7b5c-cbe8-4e36-b89c-dac400f320cf,,tag,https://abdlhub.com/?v=c9dd7b5c-cbe8-4e36-b89c-dac400f320cf,https://vz-e81debcf-c73.b-cdn.net/c9dd7b5c-cbe8-4e36-b89c-dac400f320cf/thumbnail.jpg?width=480,https://vz-e81debcf-c73.b-cdn.net/c9dd7b5c-cbe8-4e36-b89c-dac400f320cf/playlist.m3u8,,,,,,,crib; Sophie Little,,,,,,False,200,404,image/jpeg,text/html
ca70e622-9d07-4ac1-8390-749ae235319a,,tag,https://abdlhub.com/?v=ca70e622-9d07-4ac1-8390-749ae235319a,https://vz-e81debcf-c73.b-cdn.net/ca70e622-9d07-4ac1-8390-749ae235319a/thumbnail.jpg?width=480,https://vz-e81debcf-c73.b-cdn.net/ca70e622-9d07-4ac1-8390-749ae235319a/playlist.m3u8,,,,,,,diaper; changing; vlog; Sophie Little,,,,,,False,200,404,image/jpeg,text/html
ca8facc6-1e4c-4b1f-b1ce-73b35223fc44,,tag,https://abdlhub.com/?v=ca8facc6-1e4c-4b1f-b1ce-73b35223fc44,https://vz-e81debcf-c73.b-cdn.net/ca8facc6-1e4c-4b1f-b1ce-73b35223fc44/thumbnail.jpg?width=480,https://vz-e81debcf-c73.b-cdn.net/ca8facc6-1e4c-4b1f-b1ce-73b35223fc44/playlist.m3u8,,,,,,,Sophie Little,,,,,,False,200,404,image/jpeg,text/html
cb349942-95d5-4433-b245-488904d048ab,,tag,https://abdlhub.com/?v=cb349942-95d5-4433-b245-488904d048ab,https://vz-e81debcf-c73.b-cdn.net/cb349942-95d5-4433-b245-488904d048ab/thumbnail.jpg?width=480,https://vz-e81debcf-c73.b-cdn.net/cb349942-95d5-4433-b245-488904d048ab/playlist.m3u8,,,,,,,Sophie Little,,,,,,False,200,404,image/jpeg,text/html
cb64a487-80e0-4dc4-9d9b-396ce84059be,,tag,https://abdlhub.com/?v=cb64a487-80e0-4dc4-9d9b-396ce84059be,https://vz-e81debcf-c73.b-cdn.net/cb64a487-80e0-4dc4-9d9b-396ce84059be/thumbnail.jpg?width=480,https://vz-e81debcf-c73.b-cdn.net/cb64a487-80e0-4dc4-9d9b-396ce84059be/playlist.m3u8,,,,,,,diaper; Sophie Little,,,,,,False,200,404,image/jpeg,text/html
cb88e800-5771-4b7b-81fe-43a18dae3169,,tag,https://abdlhub.com/?v=cb88e800-5771-4b7b-81fe-43a18dae3169,https://vz-e81debcf-c73.b-cdn.net/cb88e800-5771-4b7b-81fe-43a18dae3169/thumbnail.jpg?width=480,https://vz-e81debcf-c73.b-cdn.net/cb88e800-5771-4b7b-81fe-43a18dae3169/playlist.m3u8,,,,,,,Sophie Little,,,,,,False,200,404,image/jpeg,text/html
cbc11b26-f168-4f85-95ea-0f8e330f674e,,tag,https://abdlhub.com/?v=cbc11b26-f168-4f85-95ea-0f8e330f674e,https://vz-e81debcf-c73.b-cdn.net/cbc11b26-f168-4f85-95ea-0f8e330f674e/thumbnail.jpg?width=480,https://vz-e81debcf-c73.b-cdn.net/cbc11b26-f168-4f85-95ea-0f8e330f674e/playlist.m3u8,,,,,,,diaper; Sophie Little,,,,,,False,200,404,image/jpeg,text/html
cc10df09-7b00-4928-beb4-823e9d3ca725,,tag,https://abdlhub.com/?v=cc10df09-7b00-4928-beb4-823e9d3ca725,https://vz-e81debcf-c73.b-cdn.net/cc10df09-7b00-4928-beb4-823e9d3ca725/thumbnail.jpg?width=480,https://vz-e81debcf-c73.b-cdn.net/cc10df09-7b00-4928-beb4-823e9d3ca725/playlist.m3u8,,,,,,,review; vlog; Sophie Little,,,,,,False,200,404,image/jpeg,text/html
ccb9087b-1036-4592-a89d-34c493b09681,,tag,https://abdlhub.com/?v=ccb9087b-1036-4592-a89d-34c493b09681,https://vz-e81debcf-c73.b-cdn.net/ccb9087b-1036-4592-a89d-34c493b09681/thumbnail.jpg?width=480,https://vz-e81debcf-c73.b-cdn.net/ccb9087b-1036-4592-a89d-34c493b09681/playlist.m3u8,,,,,,,Sophie Little,,,,,,False,200,404,image/jpeg,text/html
cd5fcb3f-0310-4579-84e3-098ed8907b97,,tag,https://abdlhub.com/?v=cd5fcb3f-0310-4579-84e3-098ed8907b97,https://vz-e81debcf-c73.b-cdn.net/cd5fcb3f-0310-4579-84e3-098ed8907b97/thumbnail.jpg?width=480,https://vz-e81debcf-c73.b-cdn.net/cd5fcb3f-0310-4579-84e3-098ed8907b97/playlist.m3u8,,,,,,,Sophie Little,,,,,,False,200,404,image/jpeg,text/html
cd86efdd-c08b-485a-9649-98f2988aa2e3,,tag,https://abdlhub.com/?v=cd86efdd-c08b-485a-9649-98f2988aa2e3,https://vz-e81debcf-c73.b-cdn.net/cd86efdd-c08b-485a-9649-98f2988aa2e3/thumbnail.jpg?width=480,https://vz-e81debcf-c73.b-cdn.net/cd86efdd-c08b-485a-9649-98f2988aa2e3/playlist.m3u8,,,,,,,diaper; pov; Sophie Little,,,,,,False,200,404,image/jpeg,text/html
cda8a85d-0cee-443e-ad63-5501f13ca228,,tag,https://abdlhub.com/?v=cda8a85d-0cee-443e-ad63-5501f13ca228,https://vz-e81debcf-c73.b-cdn.net/cda8a85d-0cee-443e-ad63-5501f13ca228/thumbnail.jpg?width=480,https://vz-e81debcf-c73.b-cdn.net/cda8a85d-0cee-443e-ad63-5501f13ca228/playlist.m3u8,,,,,,,diaper; Sophie Little,,,,,,False,200,404,image/jpeg,text/html
cdd17fd6-34b5-400d-8df0-7546cb53e31a,,tag,https://abdlhub.com/?v=cdd17fd6-34b5-400d-8df0-7546cb53e31a,https://vz-e81debcf-c73.b-cdn.net/cdd17fd6-34b5-400d-8df0-7546cb53e31a/thumbnail.jpg?width=480,https://vz-e81debcf-c73.b-cdn.net/cdd17fd6-34b5-400d-8df0-7546cb53e31a/playlist.m3u8,,,,,,,Sophie Little,,,,,,False,200,404,image/jpeg,text/html
cdf9bcea-8414-42f3-b78b-dcd09b536541,,tag,https://abdlhub.com/?v=cdf9bcea-8414-42f3-b78b-dcd09b536541,https://vz-e81debcf-c73.b-cdn.net/cdf9bcea-8414-42f3-b78b-dcd09b536541/thumbnail.jpg?width=480,https://vz-e81debcf-c73.b-cdn.net/cdf9bcea-8414-42f3-b78b-dcd09b536541/playlist.m3u8,,,,,,,Sophie Little,,,,,,False,200,404,image/jpeg,text/html
ce30b7c7-2936-429c-8c31-289915c3e678,,tag,https://abdlhub.com/?v=ce30b7c7-2936-429c-8c31-289915c3e678,https://vz-e81debcf-c73.b-cdn.net/ce30b7c7-2936-429c-8c31-289915c3e678/thumbnail.jpg?width=480,https://vz-e81debcf-c73.b-cdn.net/ce30b7c7-2936-429c-8c31-289915c3e678/playlist.m3u8,,,,,,,Sophie Little,,,,,,False,200,404,image/jpeg,text/html
cf0bf20c-343e-458b-97dc-3d1c707ff365,,tag,https://abdlhub.com/?v=cf0bf20c-343e-458b-97dc-3d1c707ff365,https://vz-e81debcf-c73.b-cdn.net/cf0bf20c-343e-458b-97dc-3d1c707ff365/thumbnail.jpg?width=480,https://vz-e81debcf-c73.b-cdn.net/cf0bf20c-343e-458b-97dc-3d1c707ff365/playlist.m3u8,,,,,,,crib; Sophie Little,,,,,,False,200,404,image/jpeg,text/html
cf249325-9102-4440-a27a-e9fa11d4732d,,tag,https://abdlhub.com/?v=cf249325-9102-4440-a27a-e9fa11d4732d,https://vz-e81debcf-c73.b-cdn.net/cf249325-9102-4440-a27a-e9fa11d4732d/thumbnail.jpg?width=480,https://vz-e81debcf-c73.b-cdn.net/cf249325-9102-4440-a27a-e9fa11d4732d/playlist.m3u8,,,,,,,diaper; vlog; Sophie Little,,,,,,False,200,404,image/jpeg,text/html
d00b7162-78d3-468b-a648-c87f896c69dd,,tag,https://abdlhub.com/?v=d00b7162-78d3-468b-a648-c87f896c69dd,https://vz-e81debcf-c73.b-cdn.net/d00b7162-78d3-468b-a648-c87f896c69dd/thumbnail.jpg?width=480,https://vz-e81debcf-c73.b-cdn.net/d00b7162-78d3-468b-a648-c87f896c69dd/playlist.m3u8,,,,,,,diaper; Sophie Little,,,,,,False,200,404,image/jpeg,text/html
d01cf0c5-6b82-46ed-bb11-ce1a694420ef,,tag,https://abdlhub.com/?v=d01cf0c5-6b82-46ed-bb11-ce1a694420ef,https://vz-e81debcf-c73.b-cdn.net/d01cf0c5-6b82-46ed-bb11-ce1a694420ef/thumbnail.jpg?width=480,https://vz-e81debcf-c73.b-cdn.net/d01cf0c5-6b82-46ed-bb11-ce1a694420ef/playlist.m3u8,,,,,,,diaper; Sophie Little,,,,,,False,200,404,image/jpeg,text/html
d07cf5eb-5da8-4d06-a098-c5513b441c29,,tag,https://abdlhub.com/?v=d07cf5eb-5da8-4d06-a098-c5513b441c29,https://vz-e81debcf-c73.b-cdn.net/d07cf5eb-5da8-4d06-a098-c5513b441c29/thumbnail.jpg?width=480,https://vz-e81debcf-c73.b-cdn.net/d07cf5eb-5da8-4d06-a098-c5513b441c29/playlist.m3u8,,,,,,,diaper; Sophie Little,,,,,,False,200,404,image/jpeg,text/html
d084da2f-21ab-48fd-99c8-264265919bd5,,tag,https://abdlhub.com/?v=d084da2f-21ab-48fd-99c8-264265919bd5,https://vz-e81debcf-c73.b-cdn.net/d084da2f-21ab-48fd-99c8-264265919bd5/thumbnail.jpg?width=480,https://vz-e81debcf-c73.b-cdn.net/d084da2f-21ab-48fd-99c8-264265919bd5/playlist.m3u8,,,,,,,Sophie Little,,,,,,False,200,404,image/jpeg,text/html
d085f10d-d19a-4538-8d0e-5db7eb2812e0,,tag,https://abdlhub.com/?v=d085f10d-d19a-4538-8d0e-5db7eb2812e0,https://vz-e81debcf-c73.b-cdn.net/d085f10d-d19a-4538-8d0e-5db7eb2812e0/thumbnail.jpg?width=480,https://vz-e81debcf-c73.b-cdn.net/d085f10d-d19a-4538-8d0e-5db7eb2812e0/playlist.m3u8,,,,,,,Sophie Little,,,,,,False,200,404,image/jpeg,text/html
d12034fe-b85b-4800-8ea5-ebef2b0a9ca3,,tag,https://abdlhub.com/?v=d12034fe-b85b-4800-8ea5-ebef2b0a9ca3,https://vz-e81debcf-c73.b-cdn.net/d12034fe-b85b-4800-8ea5-ebef2b0a9ca3/thumbnail.jpg?width=480,https://vz-e81debcf-c73.b-cdn.net/d12034fe-b85b-4800-8ea5-ebef2b0a9ca3/playlist.m3u8,,,,,,,diaper; Sophie Little,,,,,,False,200,404,image/jpeg,text/html
d18dc7f4-2c2a-4818-a2e3-d765d316f0f4,,tag,https://abdlhub.com/?v=d18dc7f4-2c2a-4818-a2e3-d765d316f0f4,https://vz-e81debcf-c73.b-cdn.net/d18dc7f4-2c2a-4818-a2e3-d765d316f0f4/thumbnail.jpg?width=480,https://vz-e81debcf-c73.b-cdn.net/d18dc7f4-2c2a-4818-a2e3-d765d316f0f4/playlist.m3u8,,,,,,,diaper; mess; pov; Sophie Little,,,,,,False,200,404,image/jpeg,text/html
d2166400-6d8b-4192-8e51-ff888f010cf9,,tag,https://abdlhub.com/?v=d2166400-6d8b-4192-8e51-ff888f010cf9,https://vz-e81debcf-c73.b-cdn.net/d2166400-6d8b-4192-8e51-ff888f010cf9/thumbnail.jpg?width=480,https://vz-e81debcf-c73.b-cdn.net/d2166400-6d8b-4192-8e51-ff888f010cf9/playlist.m3u8,,,,,,,diaper; Sophie Little,,,,,,False,200,404,image/jpeg,text/html
d217bd9f-03af-4564-9fbc-a9087d714f8c,,tag,https://abdlhub.com/?v=d217bd9f-03af-4564-9fbc-a9087d714f8c,https://vz-e81debcf-c73.b-cdn.net/d217bd9f-03af-4564-9fbc-a9087d714f8c/thumbnail.jpg?width=480,https://vz-e81debcf-c73.b-cdn.net/d217bd9f-03af-4564-9fbc-a9087d714f8c/playlist.m3u8,,,,,,,diaper; Sophie Little,,,,,,False,200,404,image/jpeg,text/html
d22fb3b5-a3a2-49b4-b9c9-dc864821065f,,tag,https://abdlhub.com/?v=d22fb3b5-a3a2-49b4-b9c9-dc864821065f,https://vz-e81debcf-c73.b-cdn.net/d22fb3b5-a3a2-49b4-b9c9-dc864821065f/thumbnail.jpg?width=480,https://vz-e81debcf-c73.b-cdn.net/d22fb3b5-a3a2-49b4-b9c9-dc864821065f/playlist.m3u8,,,,,,,Sophie Little,,,,,,False,200,404,image/jpeg,text/html
d2682546-b4a1-4960-9987-584e588903e9,,tag,https://abdlhub.com/?v=d2682546-b4a1-4960-9987-584e588903e9,https://vz-e81debcf-c73.b-cdn.net/d2682546-b4a1-4960-9987-584e588903e9/thumbnail.jpg?width=480,https://vz-e81debcf-c73.b-cdn.net/d2682546-b4a1-4960-9987-584e588903e9/playlist.m3u8,,,,,,,Sophie Little,,,,,,False,200,404,image/jpeg,text/html
d2826d8a-9629-4933-9c40-394cdf360ddd,,tag,https://abdlhub.com/?v=d2826d8a-9629-4933-9c40-394cdf360ddd,https://vz-e81debcf-c73.b-cdn.net/d2826d8a-9629-4933-9c40-394cdf360ddd/thumbnail.jpg?width=480,https://vz-e81debcf-c73.b-cdn.net/d2826d8a-9629-4933-9c40-394cdf360ddd/playlist.m3u8,,,,,,,Sophie Little,,,,,,False,200,404,image/jpeg,text/html
d3272c14-cac3-41cb-b013-2e7ce55a59f8,,tag,https://abdlhub.com/?v=d3272c14-cac3-41cb-b013-2e7ce55a59f8,https://vz-e81debcf-c73.b-cdn.net/d3272c14-cac3-41cb-b013-2e7ce55a59f8/thumbnail.jpg?width=480,https://vz-e81debcf-c73.b-cdn.net/d3272c14-cac3-41cb-b013-2e7ce55a59f8/playlist.m3u8,,,,,,,diaper; Sophie Little,,,,,,False,200,404,image/jpeg,text/html
d4a11083-68ac-4bbd-9d3a-6ddae9b4260f,,tag,https://abdlhub.com/?v=d4a11083-68ac-4bbd-9d3a-6ddae9b4260f,https://vz-e81debcf-c73.b-cdn.net/d4a11083-68ac-4bbd-9d3a-6ddae9b4260f/thumbnail.jpg?width=480,https://vz-e81debcf-c73.b-cdn.net/d4a11083-68ac-4bbd-9d3a-6ddae9b4260f/playlist.m3u8,,,,,,,Sophie Little,,,,,,False,200,404,image/jpeg,text/html
d4ee734c-3381-4643-bc39-7bc4821392a8,,tag,https://abdlhub.com/?v=d4ee734c-3381-4643-bc39-7bc4821392a8,https://vz-e81debcf-c73.b-cdn.net/d4ee734c-3381-4643-bc39-7bc4821392a8/thumbnail.jpg?width=480,https://vz-e81debcf-c73.b-cdn.net/d4ee734c-3381-4643-bc39-7bc4821392a8/playlist.m3u8,,,,,,,diaper; Sophie Little,,,,,,False,200,404,image/jpeg,text/html
d545b9cb-21e0-4c90-b883-002a4b7c3823,,tag,https://abdlhub.com/?v=d545b9cb-21e0-4c90-b883-002a4b7c3823,https://vz-e81debcf-c73.b-cdn.net/d545b9cb-21e0-4c90-b883-002a4b7c3823/thumbnail.jpg?width=480,https://vz-e81debcf-c73.b-cdn.net/d545b9cb-21e0-4c90-b883-002a4b7c3823/playlist.m3u8,,,,,,,diaper; Sophie Little,,,,,,False,200,404,image/jpeg,text/html
d550f8d7-dd81-4681-bec2-919fa84b9403,,tag,https://abdlhub.com/?v=d550f8d7-dd81-4681-bec2-919fa84b9403,https://vz-e81debcf-c73.b-cdn.net/d550f8d7-dd81-4681-bec2-919fa84b9403/thumbnail.jpg?width=480,https://vz-e81debcf-c73.b-cdn.net/d550f8d7-dd81-4681-bec2-919fa84b9403/playlist.m3u8,,,,,,,Sophie Little,,,,,,False,200,404,image/jpeg,text/html
d5939536-de2a-491d-b625-347f750421c9,,tag,https://abdlhub.com/?v=d5939536-de2a-491d-b625-347f750421c9,https://vz-e81debcf-c73.b-cdn.net/d5939536-de2a-491d-b625-347f750421c9/thumbnail.jpg?width=480,https://vz-e81debcf-c73.b-cdn.net/d5939536-de2a-491d-b625-347f750421c9/playlist.m3u8,,,,,,,diaper; Sophie Little,,,,,,False,200,404,image/jpeg,text/html
d60ed49b-121e-42f6-ba9a-bfb82a7eb187,,tag,https://abdlhub.com/?v=d60ed49b-121e-42f6-ba9a-bfb82a7eb187,https://vz-e81debcf-c73.b-cdn.net/d60ed49b-121e-42f6-ba9a-bfb82a7eb187/thumbnail.jpg?width=480,https://vz-e81debcf-c73.b-cdn.net/d60ed49b-121e-42f6-ba9a-bfb82a7eb187/playlist.m3u8,,,,,,,Sophie Little,,,,,,False,200,404,image/jpeg,text/html
d6416a52-0fd2-4c35-83c1-16f887350cbf,,tag,https://abdlhub.com/?v=d6416a52-0fd2-4c35-83c1-16f887350cbf,https://vz-e81debcf-c73.b-cdn.net/d6416a52-0fd2-4c35-83c1-16f887350cbf/thumbnail.jpg?width=480,https://vz-e81debcf-c73.b-cdn.net/d6416a52-0fd2-4c35-83c1-16f887350cbf/playlist.m3u8,,,,,,,Sophie Little,,,,,,False,200,404,image/jpeg,text/html
d692d6ec-a29f-4691-9b8a-8584ed366a29,,tag,https://abdlhub.com/?v=d692d6ec-a29f-4691-9b8a-8584ed366a29,https://vz-e81debcf-c73.b-cdn.net/d692d6ec-a29f-4691-9b8a-8584ed366a29/thumbnail.jpg?width=480,https://vz-e81debcf-c73.b-cdn.net/d692d6ec-a29f-4691-9b8a-8584ed366a29/playlist.m3u8,,,,,,,diaper; Sophie Little,,,,,,False,200,404,image/jpeg,text/html
d6a69ef4-ef9c-4d9d-9f87-769419424c0a,,tag,https://abdlhub.com/?v=d6a69ef4-ef9c-4d9d-9f87-769419424c0a,https://vz-e81debcf-c73.b-cdn.net/d6a69ef4-ef9c-4d9d-9f87-769419424c0a/thumbnail.jpg?width=480,https://vz-e81debcf-c73.b-cdn.net/d6a69ef4-ef9c-4d9d-9f87-769419424c0a/playlist.m3u8,,,,,,,Sophie Little,,,,,,False,200,404,image/jpeg,text/html
d6ec1573-14e7-49bf-94be-b0db24414b0e,,tag,https://abdlhub.com/?v=d6ec1573-14e7-49bf-94be-b0db24414b0e,https://vz-e81debcf-c73.b-cdn.net/d6ec1573-14e7-49bf-94be-b0db24414b0e/thumbnail.jpg?width=480,https://vz-e81debcf-c73.b-cdn.net/d6ec1573-14e7-49bf-94be-b0db24414b0e/playlist.m3u8,,,,,,,Sophie Little,,,,,,False,200,404,image/jpeg,text/html
d6f859f9-eb19-428d-89ba-d95d45367de2,,tag,https://abdlhub.com/?v=d6f859f9-eb19-428d-89ba-d95d45367de2,https://vz-e81debcf-c73.b-cdn.net/d6f859f9-eb19-428d-89ba-d95d45367de2/thumbnail.jpg?width=480,https://vz-e81debcf-c73.b-cdn.net/d6f859f9-eb19-428d-89ba-d95d45367de2/playlist.m3u8,,,,,,,diaper; pov; Sophie Little,,,,,,False,200,404,image/jpeg,text/html
d705135b-e41d-4c75-b875-5da8f87975b1,,tag,https://abdlhub.com/?v=d705135b-e41d-4c75-b875-5da8f87975b1,https://vz-e81debcf-c73.b-cdn.net/d705135b-e41d-4c75-b875-5da8f87975b1/thumbnail.jpg?width=480,https://vz-e81debcf-c73.b-cdn.net/d705135b-e41d-4c75-b875-5da8f87975b1/playlist.m3u8,,,,,,,Sophie Little,,,,,,False,200,404,image/jpeg,text/html
d7647817-bb6f-4978-a7f9-c7a689857668,,tag,https://abdlhub.com/?v=d7647817-bb6f-4978-a7f9-c7a689857668,https://vz-e81debcf-c73.b-cdn.net/d7647817-bb6f-4978-a7f9-c7a689857668/thumbnail.jpg?width=480,https://vz-e81debcf-c73.b-cdn.net/d7647817-bb6f-4978-a7f9-c7a689857668/playlist.m3u8,,,,,,,diaper; vlog; Sophie Little,,,,,,False,200,404,image/jpeg,text/html
d76cedc0-df4c-4db6-8d2b-f8454deb92c1,,tag,https://abdlhub.com/?v=d76cedc0-df4c-4db6-8d2b-f8454deb92c1,https://vz-e81debcf-c73.b-cdn.net/d76cedc0-df4c-4db6-8d2b-f8454deb92c1/thumbnail.jpg?width=480,https://vz-e81debcf-c73.b-cdn.net/d76cedc0-df4c-4db6-8d2b-f8454deb92c1/playlist.m3u8,,,,,,,diaper; changing; vlog; Sophie Little,,,,,,False,200,404,image/jpeg,text/html
d83bdb89-b411-4027-98de-8604cb8615f0,,tag,https://abdlhub.com/?v=d83bdb89-b411-4027-98de-8604cb8615f0,https://vz-e81debcf-c73.b-cdn.net/d83bdb89-b411-4027-98de-8604cb8615f0/thumbnail.jpg?width=480,https://vz-e81debcf-c73.b-cdn.net/d83bdb89-b411-4027-98de-8604cb8615f0/playlist.m3u8,,,,,,,diaper; crib; Sophie Little,,,,,,False,200,404,image/jpeg,text/html
d8547492-8c92-41d6-b8d3-901a3c40da53,,tag,https://abdlhub.com/?v=d8547492-8c92-41d6-b8d3-901a3c40da53,https://vz-e81debcf-c73.b-cdn.net/d8547492-8c92-41d6-b8d3-901a3c40da53/thumbnail.jpg?width=480,https://vz-e81debcf-c73.b-cdn.net/d8547492-8c92-41d6-b8d3-901a3c40da53/playlist.m3u8,,,,,,,crib; Sophie Little,,,,,,False,200,404,image/jpeg,text/html
d85c47da-d84b-4292-98d2-c45c1d52e2c8,,tag,https://abdlhub.com/?v=d85c47da-d84b-4292-98d2-c45c1d52e2c8,https://vz-e81debcf-c73.b-cdn.net/d85c47da-d84b-4292-98d2-c45c1d52e2c8/thumbnail.jpg?width=480,https://vz-e81debcf-c73.b-cdn.net/d85c47da-d84b-4292-98d2-c45c1d52e2c8/playlist.m3u8,,,,,,,diaper; Sophie Little,,,,,,False,200,404,image/jpeg,text/html
d861c8e7-4d0b-4ae9-b34b-3b90f00f7507,,tag,https://abdlhub.com/?v=d861c8e7-4d0b-4ae9-b34b-3b90f00f7507,https://vz-e81debcf-c73.b-cdn.net/d861c8e7-4d0b-4ae9-b34b-3b90f00f7507/thumbnail.jpg?width=480,https://vz-e81debcf-c73.b-cdn.net/d861c8e7-4d0b-4ae9-b34b-3b90f00f7507/playlist.m3u8,,,,,,,vlog; Sophie Little,,,,,,False,200,404,image/jpeg,text/html
d92fe631-d084-4acc-8987-b0a3eb173cb5,,tag,https://abdlhub.com/?v=d92fe631-d084-4acc-8987-b0a3eb173cb5,https://vz-e81debcf-c73.b-cdn.net/d92fe631-d084-4acc-8987-b0a3eb173cb5/thumbnail.jpg?width=480,https://vz-e81debcf-c73.b-cdn.net/d92fe631-d084-4acc-8987-b0a3eb173cb5/playlist.m3u8,,,,,,,diaper; Sophie Little,,,,,,False,200,404,image/jpeg,text/html
d9740bb8-a3fe-4b35-a0a9-6dfaa94c83a4,,tag,https://abdlhub.com/?v=d9740bb8-a3fe-4b35-a0a9-6dfaa94c83a4,https://vz-e81debcf-c73.b-cdn.net/d9740bb8-a3fe-4b35-a0a9-6dfaa94c83a4/thumbnail.jpg?width=480,https://vz-e81debcf-c73.b-cdn.net/d9740bb8-a3fe-4b35-a0a9-6dfaa94c83a4/playlist.m3u8,,,,,,,Sophie Little,,,,,,False,200,404,image/jpeg,text/html
da44df84-56b4-48c0-9dd2-a90c2fb064f2,,tag,https://abdlhub.com/?v=da44df84-56b4-48c0-9dd2-a90c2fb064f2,https://vz-e81debcf-c73.b-cdn.net/da44df84-56b4-48c0-9dd2-a90c2fb064f2/thumbnail.jpg?width=480,https://vz-e81debcf-c73.b-cdn.net/da44df84-56b4-48c0-9dd2-a90c2fb064f2/playlist.m3u8,,,,,,,Sophie Little,,,,,,False,200,404,image/jpeg,text/html
da52e9a8-c84d-4961-945c-5ac4b9910836,,tag,https://abdlhub.com/?v=da52e9a8-c84d-4961-945c-5ac4b9910836,https://vz-e81debcf-c73.b-cdn.net/da52e9a8-c84d-4961-945c-5ac4b9910836/thumbnail.jpg?width=480,https://vz-e81debcf-c73.b-cdn.net/da52e9a8-c84d-4961-945c-5ac4b9910836/playlist.m3u8,,,,,,,diaper; Sophie Little,,,,,,False,200,404,image/jpeg,text/html
dafa8e80-0f6e-43b1-acf9-18818121c7bb,,tag,https://abdlhub.com/?v=dafa8e80-0f6e-43b1-acf9-18818121c7bb,https://vz-e81debcf-c73.b-cdn.net/dafa8e80-0f6e-43b1-acf9-18818121c7bb/thumbnail.jpg?width=480,https://vz-e81debcf-c73.b-cdn.net/dafa8e80-0f6e-43b1-acf9-18818121c7bb/playlist.m3u8,,,,,,,Sophie Little,,,,,,False,200,404,image/jpeg,text/html
db06584e-0c7e-400d-ac34-12c554270b4a,,tag,https://abdlhub.com/?v=db06584e-0c7e-400d-ac34-12c554270b4a,https://vz-e81debcf-c73.b-cdn.net/db06584e-0c7e-400d-ac34-12c554270b4a/thumbnail.jpg?width=480,https://vz-e81debcf-c73.b-cdn.net/db06584e-0c7e-400d-ac34-12c554270b4a/playlist.m3u8,,,,,,,diaper; Sophie Little,,,,,,False,200,404,image/jpeg,text/html
db2f5bcc-3e0f-44f3-833c-c4096597bd7b,,tag,https://abdlhub.com/?v=db2f5bcc-3e0f-44f3-833c-c4096597bd7b,https://vz-e81debcf-c73.b-cdn.net/db2f5bcc-3e0f-44f3-833c-c4096597bd7b/thumbnail.jpg?width=480,https://vz-e81debcf-c73.b-cdn.net/db2f5bcc-3e0f-44f3-833c-c4096597bd7b/playlist.m3u8,,,,,,,diaper; Sophie Little,,,,,,False,200,404,image/jpeg,text/html
dc01f95f-a330-4055-8e5c-44afbad39af0,,tag,https://abdlhub.com/?v=dc01f95f-a330-4055-8e5c-44afbad39af0,https://vz-e81debcf-c73.b-cdn.net/dc01f95f-a330-4055-8e5c-44afbad39af0/thumbnail.jpg?width=480,https://vz-e81debcf-c73.b-cdn.net/dc01f95f-a330-4055-8e5c-44afbad39af0/playlist.m3u8,,,,,,,diaper; changing; pov; Sophie Little,,,,,,False,200,404,image/jpeg,text/html
dc400cfd-df0d-4cd2-8975-665e5c75de4c,,tag,https://abdlhub.com/?v=dc400cfd-df0d-4cd2-8975-665e5c75de4c,https://vz-e81debcf-c73.b-cdn.net/dc400cfd-df0d-4cd2-8975-665e5c75de4c/thumbnail.jpg?width=480,https://vz-e81debcf-c73.b-cdn.net/dc400cfd-df0d-4cd2-8975-665e5c75de4c/playlist.m3u8,,,,,,,Sophie Little,,,,,,False,200,404,image/jpeg,text/html
dc8feb7b-2849-4ff6-a20d-5be1fd358e1f,,tag,https://abdlhub.com/?v=dc8feb7b-2849-4ff6-a20d-5be1fd358e1f,https://vz-e81debcf-c73.b-cdn.net/dc8feb7b-2849-4ff6-a20d-5be1fd358e1f/thumbnail.jpg?width=480,https://vz-e81debcf-c73.b-cdn.net/dc8feb7b-2849-4ff6-a20d-5be1fd358e1f/playlist.m3u8,,,,,,,Sophie Little,,,,,,False,200,404,image/jpeg,text/html
dcc845e2-099e-4cc7-a64c-aa9bdf5ac877,,tag,https://abdlhub.com/?v=dcc845e2-099e-4cc7-a64c-aa9bdf5ac877,https://vz-e81debcf-c73.b-cdn.net/dcc845e2-099e-4cc7-a64c-aa9bdf5ac877/thumbnail.jpg?width=480,https://vz-e81debcf-c73.b-cdn.net/dcc845e2-099e-4cc7-a64c-aa9bdf5ac877/playlist.m3u8,,,,,,,diaper; Sophie Little,,,,,,False,200,404,image/jpeg,text/html
dcdf4bf5-3770-4c78-a81e-f395cf598b47,,tag,https://abdlhub.com/?v=dcdf4bf5-3770-4c78-a81e-f395cf598b47,https://vz-e81debcf-c73.b-cdn.net/dcdf4bf5-3770-4c78-a81e-f395cf598b47/thumbnail.jpg?width=480,https://vz-e81debcf-c73.b-cdn.net/dcdf4bf5-3770-4c78-a81e-f395cf598b47/playlist.m3u8,,,,,,,Sophie Little,,,,,,False,200,404,image/jpeg,text/html
dd37ea2a-9d1e-4aa5-9c08-7e985f8f4abd,,tag,https://abdlhub.com/?v=dd37ea2a-9d1e-4aa5-9c08-7e985f8f4abd,https://vz-e81debcf-c73.b-cdn.net/dd37ea2a-9d1e-4aa5-9c08-7e985f8f4abd/thumbnail.jpg?width=480,https://vz-e81debcf-c73.b-cdn.net/dd37ea2a-9d1e-4aa5-9c08-7e985f8f4abd/playlist.m3u8,,,,,,,diaper; Sophie Little,,,,,,False,200,404,image/jpeg,text/html
ddca0665-b9eb-4082-88e4-5f5f52523360,,tag,https://abdlhub.com/?v=ddca0665-b9eb-4082-88e4-5f5f52523360,https://vz-e81debcf-c73.b-cdn.net/ddca0665-b9eb-4082-88e4-5f5f52523360/thumbnail.jpg?width=480,https://vz-e81debcf-c73.b-cdn.net/ddca0665-b9eb-4082-88e4-5f5f52523360/playlist.m3u8,,,,,,,diaper; Sophie Little,,,,,,False,200,404,image/jpeg,text/html
ddf02318-88c5-46e0-87fb-fafb01d8ec34,,tag,https://abdlhub.com/?v=ddf02318-88c5-46e0-87fb-fafb01d8ec34,https://vz-e81debcf-c73.b-cdn.net/ddf02318-88c5-46e0-87fb-fafb01d8ec34/thumbnail.jpg?width=480,https://vz-e81debcf-c73.b-cdn.net/ddf02318-88c5-46e0-87fb-fafb01d8ec34/playlist.m3u8,,,,,,,vlog; Sophie Little,,,,,,False,200,404,image/jpeg,text/html
de4b1ea5-400b-43cc-8e63-b330b27f0acf,,tag,https://abdlhub.com/?v=de4b1ea5-400b-43cc-8e63-b330b27f0acf,https://vz-e81debcf-c73.b-cdn.net/de4b1ea5-400b-43cc-8e63-b330b27f0acf/thumbnail.jpg?width=480,https://vz-e81debcf-c73.b-cdn.net/de4b1ea5-400b-43cc-8e63-b330b27f0acf/playlist.m3u8,,,,,,,Sophie Little,,,,,,False,200,404,image/jpeg,text/html
dfcc7d96-0a3f-4a77-ae03-01b46396a9c5,,tag,https://abdlhub.com/?v=dfcc7d96-0a3f-4a77-ae03-01b46396a9c5,https://vz-e81debcf-c73.b-cdn.net/dfcc7d96-0a3f-4a77-ae03-01b46396a9c5/thumbnail.jpg?width=480,https://vz-e81debcf-c73.b-cdn.net/dfcc7d96-0a3f-4a77-ae03-01b46396a9c5/playlist.m3u8,,,,,,,Sophie Little,,,,,,False,200,404,image/jpeg,text/html
dffc6f8f-7fb0-4036-9457-09d127636e10,,tag,https://abdlhub.com/?v=dffc6f8f-7fb0-4036-9457-09d127636e10,https://vz-e81debcf-c73.b-cdn.net/dffc6f8f-7fb0-4036-9457-09d127636e10/thumbnail.jpg?width=480,https://vz-e81debcf-c73.b-cdn.net/dffc6f8f-7fb0-4036-9457-09d127636e10/playlist.m3u8,,,,,,,diaper; mess; Sophie Little,,,,,,False,200,404,image/jpeg,text/html
e060a7b4-2d1b-404c-b0ed-327a7dbe9dd3,,tag,https://abdlhub.com/?v=e060a7b4-2d1b-404c-b0ed-327a7dbe9dd3,https://vz-e81debcf-c73.b-cdn.net/e060a7b4-2d1b-404c-b0ed-327a7dbe9dd3/thumbnail.jpg?width=480,https://vz-e81debcf-c73.b-cdn.net/e060a7b4-2d1b-404c-b0ed-327a7dbe9dd3/playlist.m3u8,,,,,,,Sophie Little,,,,,,False,200,404,image/jpeg,text/html
e0d4e9ee-b5f5-41df-aed8-aa17b98dd0f5,,tag,https://abdlhub.com/?v=e0d4e9ee-b5f5-41df-aed8-aa17b98dd0f5,https://vz-e81debcf-c73.b-cdn.net/e0d4e9ee-b5f5-41df-aed8-aa17b98dd0f5/thumbnail.jpg?width=480,https://vz-e81debcf-c73.b-cdn.net/e0d4e9ee-b5f5-41df-aed8-aa17b98dd0f5/playlist.m3u8,,,,,,,mess; Sophie Little,,,,,,False,200,404,image/jpeg,text/html
e0f09127-b7b6-4d9d-8408-6319013821a1,,tag,https://abdlhub.com/?v=e0f09127-b7b6-4d9d-8408-6319013821a1,https://vz-e81debcf-c73.b-cdn.net/e0f09127-b7b6-4d9d-8408-6319013821a1/thumbnail.jpg?width=480,https://vz-e81debcf-c73.b-cdn.net/e0f09127-b7b6-4d9d-8408-6319013821a1/playlist.m3u8,,,,,,,Sophie Little,,,,,,False,200,404,image/jpeg,text/html
e285efa8-d032-4ea3-9269-d7fe1609ff6c,,tag,https://abdlhub.com/?v=e285efa8-d032-4ea3-9269-d7fe1609ff6c,https://vz-e81debcf-c73.b-cdn.net/e285efa8-d032-4ea3-9269-d7fe1609ff6c/thumbnail.jpg?width=480,https://vz-e81debcf-c73.b-cdn.net/e285efa8-d032-4ea3-9269-d7fe1609ff6c/playlist.m3u8,,,,,,,diaper; pov; Sophie Little,,,,,,False,200,404,image/jpeg,text/html
e2a70ac1-833e-4c49-87b2-faa41ea40897,,tag,https://abdlhub.com/?v=e2a70ac1-833e-4c49-87b2-faa41ea40897,https://vz-e81debcf-c73.b-cdn.net/e2a70ac1-833e-4c49-87b2-faa41ea40897/thumbnail.jpg?width=480,https://vz-e81debcf-c73.b-cdn.net/e2a70ac1-833e-4c49-87b2-faa41ea40897/playlist.m3u8,,,,,,,Sophie Little,,,,,,False,200,404,image/jpeg,text/html
e2e8e5f5-9595-4bc1-bb37-cb56e3b6699a,,tag,https://abdlhub.com/?v=e2e8e5f5-9595-4bc1-bb37-cb56e3b6699a,https://vz-e81debcf-c73.b-cdn.net/e2e8e5f5-9595-4bc1-bb37-cb56e3b6699a/thumbnail.jpg?width=480,https://vz-e81debcf-c73.b-cdn.net/e2e8e5f5-9595-4bc1-bb37-cb56e3b6699a/playlist.m3u8,,,,,,,diaper; vlog; Sophie Little,,,,,,False,200,404,image/jpeg,text/html
e388ef85-ec8c-40df-bbad-e8bf9f6c3289,,tag,https://abdlhub.com/?v=e388ef85-ec8c-40df-bbad-e8bf9f6c3289,https://vz-e81debcf-c73.b-cdn.net/e388ef85-ec8c-40df-bbad-e8bf9f6c3289/thumbnail.jpg?width=480,https://vz-e81debcf-c73.b-cdn.net/e388ef85-ec8c-40df-bbad-e8bf9f6c3289/playlist.m3u8,,,,,,,Sophie Little,,,,,,False,200,404,image/jpeg,text/html
e39f7fe4-7f73-493e-bedf-95bf22153284,,tag,https://abdlhub.com/?v=e39f7fe4-7f73-493e-bedf-95bf22153284,https://vz-e81debcf-c73.b-cdn.net/e39f7fe4-7f73-493e-bedf-95bf22153284/thumbnail.jpg?width=480,https://vz-e81debcf-c73.b-cdn.net/e39f7fe4-7f73-493e-bedf-95bf22153284/playlist.m3u8,,,,,,,diaper; changing; vlog; Sophie Little,,,,,,False,200,404,image/jpeg,text/html
e3ec67e5-dfde-454c-8bfa-64b1ad2acdc8,,tag,https://abdlhub.com/?v=e3ec67e5-dfde-454c-8bfa-64b1ad2acdc8,https://vz-e81debcf-c73.b-cdn.net/e3ec67e5-dfde-454c-8bfa-64b1ad2acdc8/thumbnail.jpg?width=480,https://vz-e81debcf-c73.b-cdn.net/e3ec67e5-dfde-454c-8bfa-64b1ad2acdc8/playlist.m3u8,,,,,,,Sophie Little,,,,,,False,200,404,image/jpeg,text/html
e415ab70-fad2-4f5c-97cf-9d5a8b0b8f94,,tag,https://abdlhub.com/?v=e415ab70-fad2-4f5c-97cf-9d5a8b0b8f94,https://vz-e81debcf-c73.b-cdn.net/e415ab70-fad2-4f5c-97cf-9d5a8b0b8f94/thumbnail.jpg?width=480,https://vz-e81debcf-c73.b-cdn.net/e415ab70-fad2-4f5c-97cf-9d5a8b0b8f94/playlist.m3u8,,,,,,,diaper; vlog; Sophie Little,,,,,,False,200,404,image/jpeg,text/html
e594b00e-1503-43e9-881c-10b0585e3e56,,tag,https://abdlhub.com/?v=e594b00e-1503-43e9-881c-10b0585e3e56,https://vz-e81debcf-c73.b-cdn.net/e594b00e-1503-43e9-881c-10b0585e3e56/thumbnail.jpg?width=480,https://vz-e81debcf-c73.b-cdn.net/e594b00e-1503-43e9-881c-10b0585e3e56/playlist.m3u8,,,,,,,diaper; Sophie Little,,,,,,False,200,404,image/jpeg,text/html
e63cc9c5-66a8-4d5c-aa61-5f019aa980e2,,tag,https://abdlhub.com/?v=e63cc9c5-66a8-4d5c-aa61-5f019aa980e2,https://vz-e81debcf-c73.b-cdn.net/e63cc9c5-66a8-4d5c-aa61-5f019aa980e2/thumbnail.jpg?width=480,https://vz-e81debcf-c73.b-cdn.net/e63cc9c5-66a8-4d5c-aa61-5f019aa980e2/playlist.m3u8,,,,,,,diaper; Sophie Little,,,,,,False,200,404,image/jpeg,text/html
e66a9bc5-85ef-4303-817c-5a87eb41a68b,,tag,https://abdlhub.com/?v=e66a9bc5-85ef-4303-817c-5a87eb41a68b,https://vz-e81debcf-c73.b-cdn.net/e66a9bc5-85ef-4303-817c-5a87eb41a68b/thumbnail.jpg?width=480,https://vz-e81debcf-c73.b-cdn.net/e66a9bc5-85ef-4303-817c-5a87eb41a68b/playlist.m3u8,,,,,,,Sophie Little,,,,,,False,200,404,image/jpeg,text/html
e66cd428-5b4c-4a54-bacc-fba864811bb1,,tag,https://abdlhub.com/?v=e66cd428-5b4c-4a54-bacc-fba864811bb1,https://vz-e81debcf-c73.b-cdn.net/e66cd428-5b4c-4a54-bacc-fba864811bb1/thumbnail.jpg?width=480,https://vz-e81debcf-c73.b-cdn.net/e66cd428-5b4c-4a54-bacc-fba864811bb1/playlist.m3u8,,,,,,,Sophie Little,,,,,,False,200,404,image/jpeg,text/html
e67b294b-dbed-44b8-a028-02e7d708fca2,,tag,https://abdlhub.com/?v=e67b294b-dbed-44b8-a028-02e7d708fca2,https://vz-e81debcf-c73.b-cdn.net/e67b294b-dbed-44b8-a028-02e7d708fca2/thumbnail.jpg?width=480,https://vz-e81debcf-c73.b-cdn.net/e67b294b-dbed-44b8-a028-02e7d708fca2/playlist.m3u8,,,,,,,diaper; Sophie Little,,,,,,False,200,404,image/jpeg,text/html
e722a4af-50b9-4a36-91c1-c90c8adf05a1,,tag,https://abdlhub.com/?v=e722a4af-50b9-4a36-91c1-c90c8adf05a1,https://vz-e81debcf-c73.b-cdn.net/e722a4af-50b9-4a36-91c1-c90c8adf05a1/thumbnail.jpg?width=480,https://vz-e81debcf-c73.b-cdn.net/e722a4af-50b9-4a36-91c1-c90c8adf05a1/playlist.m3u8,,,,,,,Sophie Little,,,,,,False,200,404,image/jpeg,text/html
e7972ebc-2af3-4822-babd-5163d5c2ca61,,tag,https://abdlhub.com/?v=e7972ebc-2af3-4822-babd-5163d5c2ca61,https://vz-e81debcf-c73.b-cdn.net/e7972ebc-2af3-4822-babd-5163d5c2ca61/thumbnail.jpg?width=480,https://vz-e81debcf-c73.b-cdn.net/e7972ebc-2af3-4822-babd-5163d5c2ca61/playlist.m3u8,,,,,,,Sophie Little,,,,,,False,200,404,image/jpeg,text/html
e7efe24d-0942-470a-a068-8ca64a8964d2,,tag,https://abdlhub.com/?v=e7efe24d-0942-470a-a068-8ca64a8964d2,https://vz-e81debcf-c73.b-cdn.net/e7efe24d-0942-470a-a068-8ca64a8964d2/thumbnail.jpg?width=480,https://vz-e81debcf-c73.b-cdn.net/e7efe24d-0942-470a-a068-8ca64a8964d2/playlist.m3u8,,,,,,,diaper; Sophie Little,,,,,,False,200,404,image/jpeg,text/html
e824f633-a585-4b3d-989f-67d25c2c766c,,tag,https://abdlhub.com/?v=e824f633-a585-4b3d-989f-67d25c2c766c,https://vz-e81debcf-c73.b-cdn.net/e824f633-a585-4b3d-989f-67d25c2c766c/thumbnail.jpg?width=480,https://vz-e81debcf-c73.b-cdn.net/e824f633-a585-4b3d-989f-67d25c2c766c/playlist.m3u8,,,,,,,changing; Sophie Little,,,,,,False,200,404,image/jpeg,text/html
e9163634-2288-4577-8263-f6dc4745e1a4,,tag,https://abdlhub.com/?v=e9163634-2288-4577-8263-f6dc4745e1a4,https://vz-e81debcf-c73.b-cdn.net/e9163634-2288-4577-8263-f6dc4745e1a4/thumbnail.jpg?width=480,https://vz-e81debcf-c73.b-cdn.net/e9163634-2288-4577-8263-f6dc4745e1a4/playlist.m3u8,,,,,,,Sophie Little,,,,,,False,200,404,image/jpeg,text/html
e9a835c9-8d90-4b88-bf31-9274f4e0ecef,,tag,https://abdlhub.com/?v=e9a835c9-8d90-4b88-bf31-9274f4e0ecef,https://vz-e81debcf-c73.b-cdn.net/e9a835c9-8d90-4b88-bf31-9274f4e0ecef/thumbnail.jpg?width=480,https://vz-e81debcf-c73.b-cdn.net/e9a835c9-8d90-4b88-bf31-9274f4e0ecef/playlist.m3u8,,,,,,,Sophie Little,,,,,,False,200,404,image/jpeg,text/html
e9de2ba9-3be6-4574-acd8-3a957b851975,,tag,https://abdlhub.com/?v=e9de2ba9-3be6-4574-acd8-3a957b851975,https://vz-e81debcf-c73.b-cdn.net/e9de2ba9-3be6-4574-acd8-3a957b851975/thumbnail.jpg?width=480,https://vz-e81debcf-c73.b-cdn.net/e9de2ba9-3be6-4574-acd8-3a957b851975/playlist.m3u8,,,,,,,Sophie Little,,,,,,False,200,404,image/jpeg,text/html
eaa1433f-2d6e-4969-8d23-e35a7ca7963d,,tag,https://abdlhub.com/?v=eaa1433f-2d6e-4969-8d23-e35a7ca7963d,https://vz-e81debcf-c73.b-cdn.net/eaa1433f-2d6e-4969-8d23-e35a7ca7963d/thumbnail.jpg?width=480,https://vz-e81debcf-c73.b-cdn.net/eaa1433f-2d6e-4969-8d23-e35a7ca7963d/playlist.m3u8,,,,,,,Sophie Little,,,,,,False,200,404,image/jpeg,text/html
eb0f2d11-02f5-41fc-9f1e-af722ce2f5d0,,tag,https://abdlhub.com/?v=eb0f2d11-02f5-41fc-9f1e-af722ce2f5d0,https://vz-e81debcf-c73.b-cdn.net/eb0f2d11-02f5-41fc-9f1e-af722ce2f5d0/thumbnail.jpg?width=480,https://vz-e81debcf-c73.b-cdn.net/eb0f2d11-02f5-41fc-9f1e-af722ce2f5d0/playlist.m3u8,,,,,,,Sophie Little,,,,,,False,200,404,image/jpeg,text/html
eb63114b-afd1-441b-bb6f-ae3182dc7a74,,tag,https://abdlhub.com/?v=eb63114b-afd1-441b-bb6f-ae3182dc7a74,https://vz-e81debcf-c73.b-cdn.net/eb63114b-afd1-441b-bb6f-ae3182dc7a74/thumbnail.jpg?width=480,https://vz-e81debcf-c73.b-cdn.net/eb63114b-afd1-441b-bb6f-ae3182dc7a74/playlist.m3u8,,,,,,,diaper; changing; vlog; Sophie Little,,,,,,False,200,404,image/jpeg,text/html
ebf8aa11-1da5-473b-ae3a-31b4d6b43b9e,,tag,https://abdlhub.com/?v=ebf8aa11-1da5-473b-ae3a-31b4d6b43b9e,https://vz-e81debcf-c73.b-cdn.net/ebf8aa11-1da5-473b-ae3a-31b4d6b43b9e/thumbnail.jpg?width=480,https://vz-e81debcf-c73.b-cdn.net/ebf8aa11-1da5-473b-ae3a-31b4d6b43b9e/playlist.m3u8,,,,,,,Sophie Little,,,,,,False,200,404,image/jpeg,text/html
ec101b85-610f-450e-8801-534d2fd8e2f6,,tag,https://abdlhub.com/?v=ec101b85-610f-450e-8801-534d2fd8e2f6,https://vz-e81debcf-c73.b-cdn.net/ec101b85-610f-450e-8801-534d2fd8e2f6/thumbnail.jpg?width=480,https://vz-e81debcf-c73.b-cdn.net/ec101b85-610f-450e-8801-534d2fd8e2f6/playlist.m3u8,,,,,,,Sophie Little,,,,,,False,200,404,image/jpeg,text/html
ec45c0a0-73db-4df7-8a98-61d20eb1cfa9,,tag,https://abdlhub.com/?v=ec45c0a0-73db-4df7-8a98-61d20eb1cfa9,https://vz-e81debcf-c73.b-cdn.net/ec45c0a0-73db-4df7-8a98-61d20eb1cfa9/thumbnail.jpg?width=480,https://vz-e81debcf-c73.b-cdn.net/ec45c0a0-73db-4df7-8a98-61d20eb1cfa9/playlist.m3u8,,,,,,,diaper; Sophie Little,,,,,,False,200,404,image/jpeg,text/html
ecd24d6c-eff0-44b8-8910-4f71263139f6,,tag,https://abdlhub.com/?v=ecd24d6c-eff0-44b8-8910-4f71263139f6,https://vz-e81debcf-c73.b-cdn.net/ecd24d6c-eff0-44b8-8910-4f71263139f6/thumbnail.jpg?width=480,https://vz-e81debcf-c73.b-cdn.net/ecd24d6c-eff0-44b8-8910-4f71263139f6/playlist.m3u8,,,,,,,Sophie Little,,,,,,False,200,404,image/jpeg,text/html
ecfe8b27-add2-444e-aedb-0b23fa6e0c2b,,tag,https://abdlhub.com/?v=ecfe8b27-add2-444e-aedb-0b23fa6e0c2b,https://vz-e81debcf-c73.b-cdn.net/ecfe8b27-add2-444e-aedb-0b23fa6e0c2b/thumbnail.jpg?width=480,https://vz-e81debcf-c73.b-cdn.net/ecfe8b27-add2-444e-aedb-0b23fa6e0c2b/playlist.m3u8,,,,,,,pov; Sophie Little,,,,,,False,200,404,image/jpeg,text/html
edcca705-eff6-46ce-bde1-20f4732ae7de,,tag,https://abdlhub.com/?v=edcca705-eff6-46ce-bde1-20f4732ae7de,https://vz-e81debcf-c73.b-cdn.net/edcca705-eff6-46ce-bde1-20f4732ae7de/thumbnail.jpg?width=480,https://vz-e81debcf-c73.b-cdn.net/edcca705-eff6-46ce-bde1-20f4732ae7de/playlist.m3u8,,,,,,,diaper; pov; Sophie Little,,,,,,False,200,404,image/jpeg,text/html
eeb908ef-0eee-409d-9f74-cbd6036e60e2,,tag,https://abdlhub.com/?v=eeb908ef-0eee-409d-9f74-cbd6036e60e2,https://vz-e81debcf-c73.b-cdn.net/eeb908ef-0eee-409d-9f74-cbd6036e60e2/thumbnail.jpg?width=480,https://vz-e81debcf-c73.b-cdn.net/eeb908ef-0eee-409d-9f74-cbd6036e60e2/playlist.m3u8,,,,,,,diaper; pov; Sophie Little,,,,,,False,200,404,image/jpeg,text/html
eed40d56-4074-4275-99f7-c8219e07726c,,tag,https://abdlhub.com/?v=eed40d56-4074-4275-99f7-c8219e07726c,https://vz-e81debcf-c73.b-cdn.net/eed40d56-4074-4275-99f7-c8219e07726c/thumbnail.jpg?width=480,https://vz-e81debcf-c73.b-cdn.net/eed40d56-4074-4275-99f7-c8219e07726c/playlist.m3u8,,,,,,,diaper; vlog; Sophie Little,,,,,,False,200,404,image/jpeg,text/html
ef6fdd65-045e-4e16-af18-7f7eb20474a9,,tag,https://abdlhub.com/?v=ef6fdd65-045e-4e16-af18-7f7eb20474a9,https://vz-e81debcf-c73.b-cdn.net/ef6fdd65-045e-4e16-af18-7f7eb20474a9/thumbnail.jpg?width=480,https://vz-e81debcf-c73.b-cdn.net/ef6fdd65-045e-4e16-af18-7f7eb20474a9/playlist.m3u8,,,,,,,diaper; crib; Sophie Little,,,,,,False,200,404,image/jpeg,text/html
f05aa820-bc4f-46f6-8159-4cf491c122ec,,tag,https://abdlhub.com/?v=f05aa820-bc4f-46f6-8159-4cf491c122ec,https://vz-e81debcf-c73.b-cdn.net/f05aa820-bc4f-46f6-8159-4cf491c122ec/thumbnail.jpg?width=480,https://vz-e81debcf-c73.b-cdn.net/f05aa820-bc4f-46f6-8159-4cf491c122ec/playlist.m3u8,,,,,,,diaper; Sophie Little,,,,,,False,200,404,image/jpeg,text/html
f09c7644-890a-43ba-8f9f-414e15293390,,tag,https://abdlhub.com/?v=f09c7644-890a-43ba-8f9f-414e15293390,https://vz-e81debcf-c73.b-cdn.net/f09c7644-890a-43ba-8f9f-414e15293390/thumbnail.jpg?width=480,https://vz-e81debcf-c73.b-cdn.net/f09c7644-890a-43ba-8f9f-414e15293390/playlist.m3u8,,,,,,,crib; pov; Sophie Little,,,,,,False,200,404,image/jpeg,text/html
f103e4a6-4406-4877-80c3-41908956ee21,,tag,https://abdlhub.com/?v=f103e4a6-4406-4877-80c3-41908956ee21,https://vz-e81debcf-c73.b-cdn.net/f103e4a6-4406-4877-80c3-41908956ee21/thumbnail.jpg?width=480,https://vz-e81debcf-c73.b-cdn.net/f103e4a6-4406-4877-80c3-41908956ee21/playlist.m3u8,,,,,,,diaper; Sophie Little,,,,,,False,200,404,image/jpeg,text/html
f2b76bb0-f2bd-4251-9691-d2808ec80e1c,,tag,https://abdlhub.com/?v=f2b76bb0-f2bd-4251-9691-d2808ec80e1c,https://vz-e81debcf-c73.b-cdn.net/f2b76bb0-f2bd-4251-9691-d2808ec80e1c/thumbnail.jpg?width=480,https://vz-e81debcf-c73.b-cdn.net/f2b76bb0-f2bd-4251-9691-d2808ec80e1c/playlist.m3u8,,,,,,,diaper; Sophie Little,,,,,,False,200,404,image/jpeg,text/html
f2d9b857-6b50-4fd5-8f84-41c535589fcd,,tag,https://abdlhub.com/?v=f2d9b857-6b50-4fd5-8f84-41c535589fcd,https://vz-e81debcf-c73.b-cdn.net/f2d9b857-6b50-4fd5-8f84-41c535589fcd/thumbnail.jpg?width=480,https://vz-e81debcf-c73.b-cdn.net/f2d9b857-6b50-4fd5-8f84-41c535589fcd/playlist.m3u8,,,,,,,diaper; Sophie Little,,,,,,False,200,404,image/jpeg,text/html
f3151271-9fe0-4927-99cd-181d97090310,,tag,https://abdlhub.com/?v=f3151271-9fe0-4927-99cd-181d97090310,https://vz-e81debcf-c73.b-cdn.net/f3151271-9fe0-4927-99cd-181d97090310/thumbnail.jpg?width=480,https://vz-e81debcf-c73.b-cdn.net/f3151271-9fe0-4927-99cd-181d97090310/playlist.m3u8,,,,,,,nursery; pov; Sophie Little,,,,,,False,200,404,image/jpeg,text/html
f35b9b6f-e5b0-4b3b-a5f2-9bd197a69f66,,tag,https://abdlhub.com/?v=f35b9b6f-e5b0-4b3b-a5f2-9bd197a69f66,https://vz-e81debcf-c73.b-cdn.net/f35b9b6f-e5b0-4b3b-a5f2-9bd197a69f66/thumbnail.jpg?width=480,https://vz-e81debcf-c73.b-cdn.net/f35b9b6f-e5b0-4b3b-a5f2-9bd197a69f66/playlist.m3u8,,,,,,,crib; Sophie Little,,,,,,False,200,404,image/jpeg,text/html
f40f9842-3d12-40af-885a-f878c8a6eac0,,tag,https://abdlhub.com/?v=f40f9842-3d12-40af-885a-f878c8a6eac0,https://vz-e81debcf-c73.b-cdn.net/f40f9842-3d12-40af-885a-f878c8a6eac0/thumbnail.jpg?width=480,https://vz-e81debcf-c73.b-cdn.net/f40f9842-3d12-40af-885a-f878c8a6eac0/playlist.m3u8,,,,,,,diaper; mess; Sophie Little,,,,,,False,200,404,image/jpeg,text/html
f55d7975-5cae-485b-85f5-a38bc69df05b,,tag,https://abdlhub.com/?v=f55d7975-5cae-485b-85f5-a38bc69df05b,https://vz-e81debcf-c73.b-cdn.net/f55d7975-5cae-485b-85f5-a38bc69df05b/thumbnail.jpg?width=480,https://vz-e81debcf-c73.b-cdn.net/f55d7975-5cae-485b-85f5-a38bc69df05b/playlist.m3u8,,,,,,,diaper; Sophie Little,,,,,,False,200,404,image/jpeg,text/html
f580e165-731d-4f3e-97d5-29b1f6bc45b7,,tag,https://abdlhub.com/?v=f580e165-731d-4f3e-97d5-29b1f6bc45b7,https://vz-e81debcf-c73.b-cdn.net/f580e165-731d-4f3e-97d5-29b1f6bc45b7/thumbnail.jpg?width=480,https://vz-e81debcf-c73.b-cdn.net/f580e165-731d-4f3e-97d5-29b1f6bc45b7/playlist.m3u8,,,,,,,Sophie Little,,,,,,False,200,404,image/jpeg,text/html
f5a850ff-69e8-46fe-b484-3ede03dd4ed0,,tag,https://abdlhub.com/?v=f5a850ff-69e8-46fe-b484-3ede03dd4ed0,https://vz-e81debcf-c73.b-cdn.net/f5a850ff-69e8-46fe-b484-3ede03dd4ed0/thumbnail.jpg?width=480,https://vz-e81debcf-c73.b-cdn.net/f5a850ff-69e8-46fe-b484-3ede03dd4ed0/playlist.m3u8,,,,,,,crib; pov; Sophie Little,,,,,,False,200,404,image/jpeg,text/html
f65f3fd7-82e5-4dc2-9c40-74c24d3bf7c9,,tag,https://abdlhub.com/?v=f65f3fd7-82e5-4dc2-9c40-74c24d3bf7c9,https://vz-e81debcf-c73.b-cdn.net/f65f3fd7-82e5-4dc2-9c40-74c24d3bf7c9/thumbnail.jpg?width=480,https://vz-e81debcf-c73.b-cdn.net/f65f3fd7-82e5-4dc2-9c40-74c24d3bf7c9/playlist.m3u8,,,,,,,mess; Sophie Little,,,,,,False,200,404,image/jpeg,text/html
f72dad84-a0c8-490d-82e2-8dd83307b5bb,,tag,https://abdlhub.com/?v=f72dad84-a0c8-490d-82e2-8dd83307b5bb,https://vz-e81debcf-c73.b-cdn.net/f72dad84-a0c8-490d-82e2-8dd83307b5bb/thumbnail.jpg?width=480,https://vz-e81debcf-c73.b-cdn.net/f72dad84-a0c8-490d-82e2-8dd83307b5bb/playlist.m3u8,,,,,,,Sophie Little,,,,,,False,200,404,image/jpeg,text/html
f75d0a4f-85a3-4c0d-a8ed-7004225fa133,,tag,https://abdlhub.com/?v=f75d0a4f-85a3-4c0d-a8ed-7004225fa133,https://vz-e81debcf-c73.b-cdn.net/f75d0a4f-85a3-4c0d-a8ed-7004225fa133/thumbnail.jpg?width=480,https://vz-e81debcf-c73.b-cdn.net/f75d0a4f-85a3-4c0d-a8ed-7004225fa133/playlist.m3u8,,,,,,,Sophie Little,,,,,,False,200,404,image/jpeg,text/html
f81dc7ab-ffe5-469d-9285-35f29526c72a,,tag,https://abdlhub.com/?v=f81dc7ab-ffe5-469d-9285-35f29526c72a,https://vz-e81debcf-c73.b-cdn.net/f81dc7ab-ffe5-469d-9285-35f29526c72a/thumbnail.jpg?width=480,https://vz-e81debcf-c73.b-cdn.net/f81dc7ab-ffe5-469d-9285-35f29526c72a/playlist.m3u8,,,,,,,diaper; pov; Sophie Little,,,,,,False,200,404,image/jpeg,text/html
f8353099-9d5e-4fc7-a273-0b68050bceff,,tag,https://abdlhub.com/?v=f8353099-9d5e-4fc7-a273-0b68050bceff,https://vz-e81debcf-c73.b-cdn.net/f8353099-9d5e-4fc7-a273-0b68050bceff/thumbnail.jpg?width=480,https://vz-e81debcf-c73.b-cdn.net/f8353099-9d5e-4fc7-a273-0b68050bceff/playlist.m3u8,,,,,,,Sophie Little,,,,,,False,200,404,image/jpeg,text/html
f83e7e34-ae64-4b21-93be-c8ad17d5a19d,,tag,https://abdlhub.com/?v=f83e7e34-ae64-4b21-93be-c8ad17d5a19d,https://vz-e81debcf-c73.b-cdn.net/f83e7e34-ae64-4b21-93be-c8ad17d5a19d/thumbnail.jpg?width=480,https://vz-e81debcf-c73.b-cdn.net/f83e7e34-ae64-4b21-93be-c8ad17d5a19d/playlist.m3u8,,,,,,,diaper; vlog; Sophie Little,,,,,,False,200,404,image/jpeg,text/html
f8a87355-5165-4b6a-bd32-918346131584,,tag,https://abdlhub.com/?v=f8a87355-5165-4b6a-bd32-918346131584,https://vz-e81debcf-c73.b-cdn.net/f8a87355-5165-4b6a-bd32-918346131584/thumbnail.jpg?width=480,https://vz-e81debcf-c73.b-cdn.net/f8a87355-5165-4b6a-bd32-918346131584/playlist.m3u8,,,,,,,diaper; changing; Sophie Little,,,,,,False,200,404,image/jpeg,text/html
f8aa1892-578e-40e3-82d0-331e2ac3bd84,,tag,https://abdlhub.com/?v=f8aa1892-578e-40e3-82d0-331e2ac3bd84,https://vz-e81debcf-c73.b-cdn.net/f8aa1892-578e-40e3-82d0-331e2ac3bd84/thumbnail.jpg?width=480,https://vz-e81debcf-c73.b-cdn.net/f8aa1892-578e-40e3-82d0-331e2ac3bd84/playlist.m3u8,,,,,,,diaper; vlog; Sophie Little,,,,,,False,200,404,image/jpeg,text/html
f93bfc5d-206d-4d03-b7ba-861ac9ea40e9,,tag,https://abdlhub.com/?v=f93bfc5d-206d-4d03-b7ba-861ac9ea40e9,https://vz-e81debcf-c73.b-cdn.net/f93bfc5d-206d-4d03-b7ba-861ac9ea40e9/thumbnail.jpg?width=480,https://vz-e81debcf-c73.b-cdn.net/f93bfc5d-206d-4d03-b7ba-861ac9ea40e9/playlist.m3u8,,,,,,,Sophie Little,,,,,,False,200,404,image/jpeg,text/html
f9a9a418-0161-4933-8117-355fbb37706c,,tag,https://abdlhub.com/?v=f9a9a418-0161-4933-8117-355fbb37706c,https://vz-e81debcf-c73.b-cdn.net/f9a9a418-0161-4933-8117-355fbb37706c/thumbnail.jpg?width=480,https://vz-e81debcf-c73.b-cdn.net/f9a9a418-0161-4933-8117-355fbb37706c/playlist.m3u8,,,,,,,Sophie Little,,,,,,False,200,404,image/jpeg,text/html
fa1cac79-fd28-4e10-bea9-d73fe2e3a229,,tag,https://abdlhub.com/?v=fa1cac79-fd28-4e10-bea9-d73fe2e3a229,https://vz-e81debcf-c73.b-cdn.net/fa1cac79-fd28-4e10-bea9-d73fe2e3a229/thumbnail.jpg?width=480,https://vz-e81debcf-c73.b-cdn.net/fa1cac79-fd28-4e10-bea9-d73fe2e3a229/playlist.m3u8,,,,,,,vlog; Sophie Little,,,,,,False,200,404,image/jpeg,text/html
fa372df9-6590-471d-bddc-dd5cb98dfb6f,,tag,https://abdlhub.com/?v=fa372df9-6590-471d-bddc-dd5cb98dfb6f,https://vz-e81debcf-c73.b-cdn.net/fa372df9-6590-471d-bddc-dd5cb98dfb6f/thumbnail.jpg?width=480,https://vz-e81debcf-c73.b-cdn.net/fa372df9-6590-471d-bddc-dd5cb98dfb6f/playlist.m3u8,,,,,,,nursery; crib; Sophie Little,,,,,,False,200,404,image/jpeg,text/html
fa447ca8-0fa2-401c-bdb2-6f7bb114be6c,,tag,https://abdlhub.com/?v=fa447ca8-0fa2-401c-bdb2-6f7bb114be6c,https://vz-e81debcf-c73.b-cdn.net/fa447ca8-0fa2-401c-bdb2-6f7bb114be6c/thumbnail.jpg?width=480,https://vz-e81debcf-c73.b-cdn.net/fa447ca8-0fa2-401c-bdb2-6f7bb114be6c/playlist.m3u8,,,,,,,Sophie Little,,,,,,False,200,404,image/jpeg,text/html
fa82a8db-fa5c-44cb-852d-9cdc909236d9,,tag,https://abdlhub.com/?v=fa82a8db-fa5c-44cb-852d-9cdc909236d9,https://vz-e81debcf-c73.b-cdn.net/fa82a8db-fa5c-44cb-852d-9cdc909236d9/thumbnail.jpg?width=480,https://vz-e81debcf-c73.b-cdn.net/fa82a8db-fa5c-44cb-852d-9cdc909236d9/playlist.m3u8,,,,,,,Sophie Little,,,,,,False,200,404,image/jpeg,text/html
fa83df15-0830-4a07-b234-a9f145e567ce,,tag,https://abdlhub.com/?v=fa83df15-0830-4a07-b234-a9f145e567ce,https://vz-e81debcf-c73.b-cdn.net/fa83df15-0830-4a07-b234-a9f145e567ce/thumbnail.jpg?width=480,https://vz-e81debcf-c73.b-cdn.net/fa83df15-0830-4a07-b234-a9f145e567ce/playlist.m3u8,,,,,,,Sophie Little,,,,,,False,200,404,image/jpeg,text/html
fb2cc460-2e22-49df-904f-9411734495d9,,tag,https://abdlhub.com/?v=fb2cc460-2e22-49df-904f-9411734495d9,https://vz-e81debcf-c73.b-cdn.net/fb2cc460-2e22-49df-904f-9411734495d9/thumbnail.jpg?width=480,https://vz-e81debcf-c73.b-cdn.net/fb2cc460-2e22-49df-904f-9411734495d9/playlist.m3u8,,,,,,,vlog; Sophie Little,,,,,,False,200,404,image/jpeg,text/html
fc13dd11-b1db-437d-abf6-901eccf68516,,tag,https://abdlhub.com/?v=fc13dd11-b1db-437d-abf6-901eccf68516,https://vz-e81debcf-c73.b-cdn.net/fc13dd11-b1db-437d-abf6-901eccf68516/thumbnail.jpg?width=480,https://vz-e81debcf-c73.b-cdn.net/fc13dd11-b1db-437d-abf6-901eccf68516/playlist.m3u8,,,,,,,diaper; Sophie Little,,,,,,False,200,404,image/jpeg,text/html
fc756d45-91ae-40e9-94b9-0ba668e0aa29,,tag,https://abdlhub.com/?v=fc756d45-91ae-40e9-94b9-0ba668e0aa29,https://vz-e81debcf-c73.b-cdn.net/fc756d45-91ae-40e9-94b9-0ba668e0aa29/thumbnail.jpg?width=480,https://vz-e81debcf-c73.b-cdn.net/fc756d45-91ae-40e9-94b9-0ba668e0aa29/playlist.m3u8,,,,,,,diaper; Sophie Little,,,,,,False,200,404,image/jpeg,text/html
fca0cba4-4403-45b9-b695-65ef6030115a,,tag,https://abdlhub.com/?v=fca0cba4-4403-45b9-b695-65ef6030115a,https://vz-e81debcf-c73.b-cdn.net/fca0cba4-4403-45b9-b695-65ef6030115a/thumbnail.jpg?width=480,https://vz-e81debcf-c73.b-cdn.net/fca0cba4-4403-45b9-b695-65ef6030115a/playlist.m3u8,,,,,,,diaper; Sophie Little,,,,,,False,200,404,image/jpeg,text/html
fca6df44-8e0e-496e-b25c-d14a80b25cde,,tag,https://abdlhub.com/?v=fca6df44-8e0e-496e-b25c-d14a80b25cde,https://vz-e81debcf-c73.b-cdn.net/fca6df44-8e0e-496e-b25c-d14a80b25cde/thumbnail.jpg?width=480,https://vz-e81debcf-c73.b-cdn.net/fca6df44-8e0e-496e-b25c-d14a80b25cde/playlist.m3u8,,,,,,,Sophie Little,,,,,,False,200,404,image/jpeg,text/html
fd8489fc-594e-466c-877b-0d86d6ed150e,,tag,https://abdlhub.com/?v=fd8489fc-594e-466c-877b-0d86d6ed150e,https://vz-e81debcf-c73.b-cdn.net/fd8489fc-594e-466c-877b-0d86d6ed150e/thumbnail.jpg?width=480,https://vz-e81debcf-c73.b-cdn.net/fd8489fc-594e-466c-877b-0d86d6ed150e/playlist.m3u8,,,,,,,Sophie Little,,,,,,False,200,404,image/jpeg,text/html
fdfffca2-b5d9-4a25-8726-8c697d03cfec,,tag,https://abdlhub.com/?v=fdfffca2-b5d9-4a25-8726-8c697d03cfec,https://vz-e81debcf-c73.b-cdn.net/fdfffca2-b5d9-4a25-8726-8c697d03cfec/thumbnail.jpg?width=480,https://vz-e81debcf-c73.b-cdn.net/fdfffca2-b5d9-4a25-8726-8c697d03cfec/playlist.m3u8,,,,,,,diaper; Sophie Little,,,,,,False,200,404,image/jpeg,text/html
fe226bdc-5126-4432-870d-08087d12f40e,,tag,https://abdlhub.com/?v=fe226bdc-5126-4432-870d-08087d12f40e,https://vz-e81debcf-c73.b-cdn.net/fe226bdc-5126-4432-870d-08087d12f40e/thumbnail.jpg?width=480,https://vz-e81debcf-c73.b-cdn.net/fe226bdc-5126-4432-870d-08087d12f40e/playlist.m3u8,,,,,,,diaper; Sophie Little,,,,,,False,200,404,image/jpeg,text/html
fe28596c-8c0b-436a-96bc-d627f4ebc7cc,,tag,https://abdlhub.com/?v=fe28596c-8c0b-436a-96bc-d627f4ebc7cc,https://vz-e81debcf-c73.b-cdn.net/fe28596c-8c0b-436a-96bc-d627f4ebc7cc/thumbnail.jpg?width=480,https://vz-e81debcf-c73.b-cdn.net/fe28596c-8c0b-436a-96bc-d627f4ebc7cc/playlist.m3u8,,,,,,,pov; Sophie Little,,,,,,False,200,404,image/jpeg,text/html
fe510711-f0c9-4cae-9e52-67ae4bb4bab6,,tag,https://abdlhub.com/?v=fe510711-f0c9-4cae-9e52-67ae4bb4bab6,https://vz-e81debcf-c73.b-cdn.net/fe510711-f0c9-4cae-9e52-67ae4bb4bab6/thumbnail.jpg?width=480,https://vz-e81debcf-c73.b-cdn.net/fe510711-f0c9-4cae-9e52-67ae4bb4bab6/playlist.m3u8,,,,,,,Sophie Little,,,,,,False,200,404,image/jpeg,text/html
fe5e3fb6-3a92-44d1-8a89-1ce4bf667552,,tag,https://abdlhub.com/?v=fe5e3fb6-3a92-44d1-8a89-1ce4bf667552,https://vz-e81debcf-c73.b-cdn.net/fe5e3fb6-3a92-44d1-8a89-1ce4bf667552/thumbnail.jpg?width=480,https://vz-e81debcf-c73.b-cdn.net/fe5e3fb6-3a92-44d1-8a89-1ce4bf667552/playlist.m3u8,,,,,,,diaper; changing; vlog; Sophie Little,,,,,,False,200,404,image/jpeg,text/html
fea3e681-3f65-41f8-974c-185a17305ce6,,tag,https://abdlhub.com/?v=fea3e681-3f65-41f8-974c-185a17305ce6,https://vz-e81debcf-c73.b-cdn.net/fea3e681-3f65-41f8-974c-185a17305ce6/thumbnail.jpg?width=480,https://vz-e81debcf-c73.b-cdn.net/fea3e681-3f65-41f8-974c-185a17305ce6/playlist.m3u8,,,,,,,Sophie Little,,,,,,False,200,404,image/jpeg,text/html
feae1b73-8580-4126-b2c2-d356f8f16344,,tag,https://abdlhub.com/?v=feae1b73-8580-4126-b2c2-d356f8f16344,https://vz-e81debcf-c73.b-cdn.net/feae1b73-8580-4126-b2c2-d356f8f16344/thumbnail.jpg?width=480,https://vz-e81debcf-c73.b-cdn.net/feae1b73-8580-4126-b2c2-d356f8f16344/playlist.m3u8,,,,,,,diaper; Sophie Little,,,,,,False,200,404,image/jpeg,text/html
feb752a0-a850-4edf-b49f-49a087bc9c5c,,tag,https://abdlhub.com/?v=feb752a0-a850-4edf-b49f-49a087bc9c5c,https://vz-e81debcf-c73.b-cdn.net/feb752a0-a850-4edf-b49f-49a087bc9c5c/thumbnail.jpg?width=480,https://vz-e81debcf-c73.b-cdn.net/feb752a0-a850-4edf-b49f-49a087bc9c5c/playlist.m3u8,,,,,,,diaper; Sophie Little,,,,,,False,200,404,image/jpeg,text/html
ff154b64-315b-4f92-9586-062e139c2e2f,,tag,https://abdlhub.com/?v=ff154b64-315b-4f92-9586-062e139c2e2f,https://vz-e81debcf-c73.b-cdn.net/ff154b64-315b-4f92-9586-062e139c2e2f/thumbnail.jpg?width=480,https://vz-e81debcf-c73.b-cdn.net/ff154b64-315b-4f92-9586-062e139c2e2f/playlist.m3u8,,,,,,,diaper; vlog; Sophie Little,,,,,,False,200,404,image/jpeg,text/html
ff6a1086-5688-4da8-9323-d6f71406467b,,tag,https://abdlhub.com/?v=ff6a1086-5688-4da8-9323-d6f71406467b,https://vz-e81debcf-c73.b-cdn.net/ff6a1086-5688-4da8-9323-d6f71406467b/thumbnail.jpg?width=480,https://vz-e81debcf-c73.b-cdn.net/ff6a1086-5688-4da8-9323-d6f71406467b/playlist.m3u8,,,,,,,diaper; Sophie Little,,,,,,False,200,404,image/jpeg,text/html
ffca9219-2c31-4c25-8d83-57a176cd0c45,,tag,https://abdlhub.com/?v=ffca9219-2c31-4c25-8d83-57a176cd0c45,https://vz-e81debcf-c73.b-cdn.net/ffca9219-2c31-4c25-8d83-57a176cd0c45/thumbnail.jpg?width=480,https://vz-e81debcf-c73.b-cdn.net/ffca9219-2c31-4c25-8d83-57a176cd0c45/playlist.m3u8,,,,,,,diaper; Sophie Little,,,,,,False,200,404,image/jpeg,text/html
